timestamp,volume,close
1420209000,2708700000,2058.199951171875
1420468200,3799120000,2020.5799560546875
1420554600,4460110000,2002.6099853515625
1420641000,3805480000,2025.9000244140625
1420727400,3934010000,2062.139892578125
1420813800,3364140000,2044.81005859375
1421073000,3456460000,2028.260009765625
1421159400,4107300000,2023.030029296875
1421245800,4378680000,2011.27001953125
1421332200,4276720000,1992.6700439453125
1421418600,4056410000,2019.4200439453125
1421764200,3944340000,2022.550048828125
1421850600,3730070000,2032.1199951171875
1421937000,4176050000,2063.14990234375
1422023400,3573560000,2051.820068359375
1422282600,3465760000,2057.090087890625
1422369000,3329810000,2029.550048828125
1422455400,4067530000,2002.1600341796875
1422541800,4127140000,2021.25
1422628200,4568650000,1994.989990234375
1422887400,4008330000,2020.8499755859375
1422973800,4615900000,2050.030029296875
1423060200,4141920000,2041.510009765625
1423146600,3821990000,2062.52001953125
1423233000,4232970000,2055.469970703125
1423492200,3549540000,2046.739990234375
1423578600,3669850000,2068.590087890625
1423665000,3596860000,2068.530029296875
1423751400,3788350000,2088.47998046875
1423837800,3527450000,2096.989990234375
1424183400,3361750000,2100.340087890625
1424269800,3370020000,2099.679931640625
1424356200,3247100000,2097.449951171875
1424442600,3281600000,2110.300048828125
1424701800,3093680000,2109.659912109375
1424788200,3199840000,2115.47998046875
1424874600,3312340000,2113.860107421875
1424961000,3408690000,2110.739990234375
1425047400,3547380000,2104.5
1425306600,3409490000,2117.389892578125
1425393000,3262300000,2107.780029296875
1425479400,3421110000,2098.530029296875
1425565800,3103030000,2101.0400390625
1425652200,3853570000,2071.260009765625
1425907800,3349090000,2079.429931640625
1425994200,3668900000,2044.1600341796875
1426080600,3406570000,2040.239990234375
1426167000,3405860000,2065.949951171875
1426253400,3498560000,2053.39990234375
1426512600,3295600000,2081.18994140625
1426599000,3221840000,2074.280029296875
1426685400,4128210000,2099.5
1426771800,3305220000,2089.27001953125
1426858200,5554120000,2108.10009765625
1427117400,3267960000,2104.419921875
1427203800,3189820000,2091.5
1427290200,3521140000,2061.050048828125
1427376600,3510670000,2056.14990234375
1427463000,3008550000,2061.02001953125
1427722200,2917690000,2086.239990234375
1427808600,3376550000,2067.889892578125
1427895000,3543270000,2059.68994140625
1427981400,3095960000,2066.9599609375
1428327000,3302970000,2080.6201171875
1428413400,3065510000,2076.330078125
1428499800,3265330000,2081.89990234375
1428586200,3172360000,2091.179931640625
1428672600,3156200000,2102.06005859375
1428931800,2908420000,2092.429931640625
1429018200,3301270000,2095.840087890625
1429104600,4013760000,2106.6298828125
1429191000,3434120000,2104.989990234375
1429277400,3627600000,2081.179931640625
1429536600,3000160000,2100.39990234375
1429623000,3243410000,2097.2900390625
1429709400,3348480000,2107.9599609375
1429795800,3636670000,2112.929931640625
1429882200,3375780000,2117.68994140625
1430141400,3438750000,2108.919921875
1430227800,3546270000,2114.760009765625
1430314200,4074970000,2106.85009765625
1430400600,4509680000,2085.510009765625
1430487000,3379390000,2108.2900390625
1430746200,3091580000,2114.489990234375
1430832600,3793950000,2089.4599609375
1430919000,3792210000,2080.14990234375
1431005400,3676640000,2088.0
1431091800,3399440000,2116.10009765625
1431351000,2992670000,2105.330078125
1431437400,3139520000,2099.1201171875
1431523800,3374260000,2098.47998046875
1431610200,3225740000,2121.10009765625
1431696600,3092080000,2122.72998046875
1431955800,2888190000,2129.199951171875
1432042200,3296030000,2127.830078125
1432128600,3025880000,2125.85009765625
1432215000,3070460000,2130.820068359375
1432301400,2571860000,2126.06005859375
1432647000,3342130000,2104.199951171875
1432733400,3127960000,2123.47998046875
1432819800,2980350000,2120.7900390625
1432906200,3927390000,2107.389892578125
1433165400,3011710000,2111.72998046875
1433251800,3049350000,2109.60009765625
1433338200,3099980000,2114.070068359375
1433424600,3200050000,2095.840087890625
1433511000,3243690000,2092.830078125
1433770200,2917150000,2079.280029296875
1433856600,3034580000,2080.14990234375
1433943000,3414320000,2105.199951171875
1434029400,3128600000,2108.860107421875
1434115800,2719400000,2094.110107421875
1434375000,3061570000,2084.429931640625
1434461400,2919900000,2096.2900390625
1434547800,3222240000,2100.43994140625
1434634200,3520360000,2121.239990234375
1434720600,4449810000,2109.989990234375
1434979800,3030020000,2122.85009765625
1435066200,3091190000,2124.199951171875
1435152600,3102480000,2108.580078125
1435239000,3214610000,2102.31005859375
1435325400,5025470000,2101.489990234375
1435584600,3678960000,2057.639892578125
1435671000,4078540000,2063.110107421875
1435757400,3727260000,2077.419921875
1435843800,2996540000,2076.780029296875
1436189400,3486360000,2068.760009765625
1436275800,4458660000,2081.340087890625
1436362200,3608780000,2046.6800537109375
1436448600,3446810000,2051.31005859375
1436535000,3065070000,2076.6201171875
1436794200,3096730000,2099.60009765625
1436880600,3002120000,2108.949951171875
1436967000,3261810000,2107.39990234375
1437053400,3227080000,2124.2900390625
1437139800,3362750000,2126.639892578125
1437399000,3245870000,2128.280029296875
1437485400,3343690000,2119.2099609375
1437571800,3694070000,2114.14990234375
1437658200,3772810000,2102.14990234375
1437744600,3870040000,2079.64990234375
1438003800,3836750000,2067.639892578125
1438090200,4117740000,2093.25
1438176600,4038900000,2108.570068359375
1438263000,3579410000,2108.6298828125
1438349400,3681340000,2103.840087890625
1438608600,3476770000,2098.0400390625
1438695000,3546710000,2093.320068359375
1438781400,3968680000,2099.840087890625
1438867800,4246570000,2083.56005859375
1438954200,3602320000,2077.570068359375
1439213400,3514460000,2104.179931640625
1439299800,3708880000,2084.070068359375
1439386200,4269130000,2086.050048828125
1439472600,3221300000,2083.389892578125
1439559000,2795590000,2091.5400390625
1439818200,2867690000,2102.43994140625
1439904600,2949990000,2096.919921875
1439991000,3512920000,2079.610107421875
1440077400,3922470000,2035.72998046875
1440163800,5018240000,1970.8900146484375
1440423000,6612690000,1893.2099609375
1440509400,5183560000,1867.6099853515625
1440595800,5338250000,1940.510009765625
1440682200,5006390000,1987.6600341796875
1440768600,3949080000,1988.8699951171875
1441027800,3915100000,1972.1800537109375
1441114200,4371850000,1913.8499755859375
1441200600,3742620000,1948.8599853515625
1441287000,3520700000,1951.1300048828125
1441373400,3167090000,1921.219970703125
1441719000,3548650000,1969.4100341796875
1441805400,3652120000,1942.0400390625
1441891800,3626320000,1952.2900390625
1441978200,3218590000,1961.050048828125
1442237400,3000200000,1953.030029296875
1442323800,3239860000,1978.0899658203125
1442410200,3630680000,1995.31005859375
1442496600,4183790000,1990.199951171875
1442583000,6021240000,1958.030029296875
1442842200,3269350000,1966.969970703125
1442928600,3808260000,1942.739990234375
1443015000,3190530000,1938.760009765625
1443101400,4091530000,1932.239990234375
1443187800,3721870000,1931.3399658203125
1443447000,4326660000,1881.77001953125
1443533400,4132390000,1884.0899658203125
1443619800,4525070000,1920.030029296875
1443706200,3983600000,1923.8199462890625
1443792600,4378570000,1951.3599853515625
1444051800,4334490000,1987.050048828125
1444138200,4202400000,1979.9200439453125
1444224600,4666470000,1995.8299560546875
1444311000,3939140000,2013.4300537109375
1444397400,3706900000,2014.8900146484375
1444656600,2893250000,2017.4599609375
1444743000,3401920000,2003.68994140625
1444829400,3644590000,1994.239990234375
1444915800,3746290000,2023.8599853515625
1445002200,3595430000,2033.1099853515625
1445261400,3287320000,2033.6600341796875
1445347800,3331500000,2030.77001953125
1445434200,3627790000,2018.93994140625
1445520600,4430850000,2052.510009765625
1445607000,4108460000,2075.14990234375
1445866200,3385800000,2071.179931640625
1445952600,4216880000,2065.889892578125
1446039000,4698110000,2090.35009765625
1446125400,4008940000,2089.409912109375
1446211800,4256200000,2079.360107421875
1446474600,3760020000,2104.050048828125
1446561000,4272060000,2109.7900390625
1446647400,4078870000,2102.31005859375
1446733800,4051890000,2099.929931640625
1446820200,4369020000,2099.199951171875
1447079400,3882350000,2078.580078125
1447165800,3821440000,2081.719970703125
1447252200,3692410000,2075.0
1447338600,4016370000,2045.969970703125
1447425000,4278750000,2023.0400390625
1447684200,3741240000,2053.18994140625
1447770600,4427350000,2050.43994140625
1447857000,3926390000,2083.580078125
1447943400,3628110000,2081.239990234375
1448029800,3929600000,2089.169921875
1448289000,3587980000,2086.590087890625
1448375400,3884930000,2089.139892578125
1448461800,2852940000,2088.8701171875
1448634600,1466840000,2090.110107421875
1448893800,4275030000,2080.409912109375
1448980200,3712120000,2102.6298828125
1449066600,3950640000,2079.510009765625
1449153000,4306490000,2049.6201171875
1449239400,4214910000,2091.68994140625
1449498600,4043820000,2077.070068359375
1449585000,4173570000,2063.590087890625
1449671400,4385250000,2047.6199951171875
1449757800,3715150000,2052.22998046875
1449844200,4301060000,2012.3699951171875
1450103400,4612440000,2021.93994140625
1450189800,4353540000,2043.4100341796875
1450276200,4635450000,2073.070068359375
1450362600,4327390000,2041.8900146484375
1450449000,6683070000,2005.550048828125
1450708200,3760280000,2021.1500244140625
1450794600,3520860000,2038.969970703125
1450881000,3484090000,2064.2900390625
1450967400,1411860000,2060.989990234375
1451313000,2492510000,2056.5
1451399400,2542000000,2078.360107421875
1451485800,2367430000,2063.360107421875
1451572200,2655330000,2043.93994140625
1451917800,4304880000,2012.6600341796875
1452004200,3706620000,2016.7099609375
1452090600,4336660000,1990.260009765625
1452177000,5076590000,1943.0899658203125
1452263400,4664940000,1922.030029296875
1452522600,4607290000,1923.6700439453125
1452609000,4887260000,1938.6800537109375
1452695400,5087030000,1890.280029296875
1452781800,5241110000,1921.8399658203125
1452868200,5468460000,1880.3299560546875
1453213800,4928350000,1881.3299560546875
1453300200,6416070000,1859.3299560546875
1453386600,5078810000,1868.989990234375
1453473000,4901760000,1906.9000244140625
1453732200,4401380000,1877.0799560546875
1453818600,4357940000,1903.6300048828125
1453905000,4754040000,1882.949951171875
1453991400,4693010000,1893.3599853515625
1454077800,5497570000,1940.239990234375
1454337000,4322530000,1939.3800048828125
1454423400,4463190000,1903.030029296875
1454509800,5172950000,1912.530029296875
1454596200,5193320000,1915.449951171875
1454682600,4929940000,1880.050048828125
1454941800,5636460000,1853.43994140625
1455028200,5183220000,1852.2099609375
1455114600,4471170000,1851.8599853515625
1455201000,5500800000,1829.0799560546875
1455287400,4696920000,1864.780029296875
1455633000,4570670000,1895.5799560546875
1455719400,5011540000,1926.8199462890625
1455805800,4436490000,1917.8299560546875
1455892200,4142850000,1917.780029296875
1456151400,4054710000,1945.5
1456237800,3890650000,1921.27001953125
1456324200,4317250000,1929.800048828125
1456410600,4118210000,1951.699951171875
1456497000,4348510000,1948.050048828125
1456756200,4588180000,1932.22998046875
1456842600,4819750000,1978.3499755859375
1456929000,4666610000,1986.449951171875
1457015400,5081700000,1993.4000244140625
1457101800,6049930000,1999.989990234375
1457361000,4968180000,2001.760009765625
1457447400,4641650000,1979.260009765625
1457533800,4038120000,1989.260009765625
1457620200,4376790000,1989.5699462890625
1457706600,4078620000,2022.18994140625
1457962200,3487850000,2019.6400146484375
1458048600,3560280000,2015.9300537109375
1458135000,4057020000,2027.219970703125
1458221400,4530480000,2040.5899658203125
1458307800,6503140000,2049.580078125
1458567000,3376600000,2051.60009765625
1458653400,3418460000,2049.800048828125
1458739800,3639510000,2036.7099609375
1458826200,3407720000,2035.93994140625
1459171800,2809090000,2037.050048828125
1459258200,3822330000,2055.010009765625
1459344600,3590310000,2063.949951171875
1459431000,3715280000,2059.739990234375
1459517400,3749990000,2072.780029296875
1459776600,3485710000,2066.1298828125
1459863000,4154920000,2045.1700439453125
1459949400,3750800000,2066.659912109375
1460035800,3801250000,2041.9100341796875
1460122200,3359530000,2047.5999755859375
1460381400,3567840000,2041.989990234375
1460467800,4239740000,2061.719970703125
1460554200,4191830000,2082.419921875
1460640600,3765870000,2082.780029296875
1460727000,3701450000,2080.72998046875
1460986200,3316880000,2094.340087890625
1461072600,3896830000,2100.800048828125
1461159000,4184880000,2102.39990234375
1461245400,4175290000,2091.47998046875
1461331800,3790580000,2091.580078125
1461591000,3319740000,2087.7900390625
1461677400,3557190000,2091.699951171875
1461763800,4100110000,2095.14990234375
1461850200,4309840000,2075.81005859375
1461936600,4704720000,2065.300048828125
1462195800,3841110000,2081.429931640625
1462282200,4173390000,2063.3701171875
1462368600,4058560000,2051.1201171875
1462455000,4008530000,2050.6298828125
1462541400,3796350000,2057.139892578125
1462800600,3788620000,2058.68994140625
1462887000,3600200000,2084.389892578125
1462973400,3821980000,2064.4599609375
1463059800,3782390000,2064.110107421875
1463146200,3579880000,2046.6099853515625
1463405400,3501360000,2066.659912109375
1463491800,4108960000,2047.2099609375
1463578200,4101320000,2047.6300048828125
1463664600,3846770000,2040.0400390625
1463751000,3507650000,2052.320068359375
1464010200,3055480000,2048.0400390625
1464096600,3627340000,2076.06005859375
1464183000,3859160000,2090.5400390625
1464269400,3230990000,2090.10009765625
1464355800,3079150000,2099.06005859375
1464701400,4514410000,2096.949951171875
1464787800,3525170000,2099.330078125
1464874200,3632720000,2105.260009765625
1464960600,3627780000,2099.1298828125
1465219800,3442020000,2109.409912109375
1465306200,3534730000,2112.1298828125
1465392600,3562060000,2119.1201171875
1465479000,3290320000,2115.47998046875
1465565400,3515010000,2096.070068359375
1465824600,3392030000,2079.06005859375
1465911000,3759770000,2075.320068359375
1465997400,3544720000,2071.5
1466083800,3628280000,2077.989990234375
1466170200,4952630000,2071.219970703125
1466429400,3467440000,2083.25
1466515800,3232880000,2088.89990234375
1466602200,3168160000,2085.449951171875
1466688600,3297940000,2113.320068359375
1466775000,7597450000,2037.4100341796875
1467034200,5431220000,2000.5400390625
1467120600,4385810000,2036.0899658203125
1467207000,4241740000,2070.77001953125
1467293400,4622820000,2098.860107421875
1467379800,3458890000,2102.949951171875
1467725400,3658380000,2088.550048828125
1467811800,3909380000,2099.72998046875
1467898200,3604550000,2097.89990234375
1467984600,3607500000,2129.89990234375
1468243800,3253340000,2137.159912109375
1468330200,4097820000,2152.139892578125
1468416600,3502320000,2152.429931640625
1468503000,3465610000,2163.75
1468589400,3122600000,2161.739990234375
1468848600,3009310000,2166.889892578125
1468935000,2968340000,2163.780029296875
1469021400,3211860000,2173.02001953125
1469107800,3438900000,2165.169921875
1469194200,3023280000,2175.030029296875
1469453400,3057240000,2168.47998046875
1469539800,3442350000,2169.179931640625
1469626200,3995500000,2166.580078125
1469712600,3664240000,2170.06005859375
1469799000,4038840000,2173.60009765625
1470058200,3505990000,2170.840087890625
1470144600,3848750000,2157.030029296875
1470231000,3786530000,2163.7900390625
1470317400,3709200000,2164.25
1470403800,3663070000,2182.8701171875
1470663000,3327550000,2180.889892578125
1470749400,3334300000,2181.739990234375
1470835800,3254950000,2175.489990234375
1470922200,3423160000,2185.7900390625
1471008600,3000660000,2184.050048828125
1471267800,3078530000,2190.14990234375
1471354200,3196400000,2178.14990234375
1471440600,3388910000,2182.219970703125
1471527000,3300570000,2187.02001953125
1471613400,3084800000,2183.8701171875
1471872600,2777550000,2182.639892578125
1471959000,3041490000,2186.89990234375
1472045400,3148280000,2175.43994140625
1472131800,2969310000,2172.469970703125
1472218200,3342340000,2169.0400390625
1472477400,2654780000,2180.3798828125
1472563800,3006800000,2176.1201171875
1472650200,3766390000,2170.949951171875
1472736600,3392120000,2170.860107421875
1472823000,3091120000,2179.97998046875
1473168600,3447650000,2186.47998046875
1473255000,3319420000,2186.159912109375
1473341400,3727840000,2181.300048828125
1473427800,4233960000,2127.81005859375
1473687000,4010480000,2159.0400390625
1473773400,4141670000,2127.02001953125
1473859800,3664100000,2125.77001953125
1473946200,3373720000,2147.260009765625
1474032600,5014360000,2139.159912109375
1474291800,3141820000,2139.1201171875
1474378200,3117380000,2139.760009765625
1474464600,3685450000,2163.1201171875
1474551000,3523860000,2177.179931640625
1474637400,3289860000,2164.68994140625
1474896600,3199910000,2146.10009765625
1474983000,3414090000,2159.929931640625
1475069400,3860390000,2171.3701171875
1475155800,4215620000,2151.1298828125
1475242200,4158800000,2168.27001953125
1475501400,3113850000,2161.199951171875
1475587800,3716100000,2150.489990234375
1475674200,3883710000,2159.72998046875
1475760600,3438040000,2160.77001953125
1475847000,3578770000,2153.739990234375
1476106200,2881970000,2163.659912109375
1476192600,3393060000,2136.72998046875
1476279000,2959510000,2139.179931640625
1476365400,3538030000,2132.550048828125
1476451800,3187910000,2132.97998046875
1476711000,2832440000,2126.5
1476797400,3172940000,2139.60009765625
1476883800,3364990000,2144.2900390625
1476970200,3339320000,2141.340087890625
1477056600,3456390000,2141.159912109375
1477315800,3359950000,2151.330078125
1477402200,3756200000,2143.159912109375
1477488600,3778120000,2139.429931640625
1477575000,4209400000,2133.0400390625
1477661400,4028270000,2126.409912109375
1477920600,3926560000,2126.14990234375
1478007000,4539190000,2111.719970703125
1478093400,4289120000,2097.93994140625
1478179800,3892100000,2088.659912109375
1478266200,3841910000,2085.179931640625
1478529000,3739720000,2131.52001953125
1478615400,3921850000,2139.56005859375
1478701800,6267590000,2163.260009765625
1478788200,6458450000,2167.47998046875
1478874600,4993990000,2164.449951171875
1479133800,5373670000,2164.199951171875
1479220200,4548110000,2180.389892578125
1479306600,3847900000,2176.93994140625
1479393000,3811730000,2187.1201171875
1479479400,3580900000,2181.89990234375
1479738600,3611500000,2198.179931640625
1479825000,3960520000,2202.93994140625
1479911400,3419850000,2204.719970703125
1480084200,1584590000,2213.35009765625
1480343400,3515100000,2201.719970703125
1480429800,3709190000,2204.659912109375
1480516200,5538400000,2198.81005859375
1480602600,5067470000,2191.080078125
1480689000,3782370000,2191.949951171875
1480948200,3898530000,2204.7099609375
1481034600,3857290000,2212.22998046875
1481121000,4504070000,2241.35009765625
1481207400,4203270000,2246.18994140625
1481293800,3886460000,2259.530029296875
1481553000,4038850000,2256.9599609375
1481639400,3875630000,2271.719970703125
1481725800,4409670000,2253.280029296875
1481812200,4173360000,2262.030029296875
1481898600,5928980000,2258.070068359375
1482157800,3252840000,2262.530029296875
1482244200,3306250000,2270.760009765625
1482330600,2854880000,2265.179931640625
1482417000,2880670000,2260.9599609375
1482503400,2021230000,2263.7900390625
1482849000,1989730000,2268.8798828125
1482935400,2402750000,2249.919921875
1483021800,2338700000,2249.260009765625
1483108200,2671550000,2238.830078125
1483453800,3773010000,2257.830078125
1483540200,3768890000,2270.75
1483626600,3785080000,2269.0
1483713000,3342080000,2276.97998046875
1483972200,3219730000,2268.89990234375
1484058600,3640560000,2268.89990234375
1484145000,3625080000,2275.320068359375
1484231400,3466220000,2270.43994140625
1484317800,3090680000,2274.639892578125
1484663400,3586950000,2267.889892578125
1484749800,3317670000,2271.889892578125
1484836200,3168390000,2263.68994140625
1484922600,3536850000,2271.31005859375
1485181800,3155240000,2265.199951171875
1485268200,3816950000,2280.070068359375
1485354600,3849340000,2298.3701171875
1485441000,3611510000,2296.679931640625
1485527400,3137420000,2294.68994140625
1485786600,3595040000,2280.89990234375
1485873000,4089730000,2278.8701171875
1485959400,3919190000,2279.550048828125
1486045800,3809760000,2280.85009765625
1486132200,3605970000,2297.419921875
1486391400,3112390000,2292.56005859375
1486477800,3452460000,2293.080078125
1486564200,3611950000,2294.669921875
1486650600,3681600000,2307.8701171875
1486737000,3496600000,2316.10009765625
1486996200,3352370000,2328.25
1487082600,3528040000,2337.580078125
1487169000,3785870000,2349.25
1487255400,3675900000,2347.219970703125
1487341800,3516830000,2351.159912109375
1487687400,3587520000,2365.3798828125
1487773800,3473170000,2362.820068359375
1487860200,4021770000,2363.81005859375
1487946600,3832410000,2367.340087890625
1488205800,3584680000,2369.75
1488292200,4212460000,2363.639892578125
1488378600,4347630000,2395.9599609375
1488465000,3824030000,2381.919921875
1488551400,3556670000,2383.1201171875
1488810600,3251800000,2375.31005859375
1488897000,3526300000,2368.389892578125
1488983400,3814080000,2362.97998046875
1489069800,3718450000,2364.8701171875
1489156200,3434400000,2372.60009765625
1489411800,3166650000,2373.469970703125
1489498200,3173760000,2365.449951171875
1489584600,3909490000,2385.260009765625
1489671000,3368880000,2381.3798828125
1489757400,5179820000,2378.25
1490016600,3061560000,2373.469970703125
1490103000,4278890000,2344.02001953125
1490189400,3575160000,2348.449951171875
1490275800,3262400000,2345.9599609375
1490362200,2978530000,2343.97998046875
1490621400,3242300000,2341.590087890625
1490707800,3369120000,2358.570068359375
1490794200,3107670000,2361.1298828125
1490880600,3159680000,2368.06005859375
1490967000,3356740000,2362.719970703125
1491226200,3418730000,2358.840087890625
1491312600,3208340000,2360.159912109375
1491399000,3780650000,2352.949951171875
1491485400,3203250000,2357.489990234375
1491571800,3054700000,2355.5400390625
1491831000,2792570000,2357.159912109375
1491917400,3120900000,2353.780029296875
1492003800,3201300000,2344.929931640625
1492090200,3146380000,2328.949951171875
1492435800,2826890000,2349.010009765625
1492522200,3272210000,2342.18994140625
1492608600,3521160000,2338.169921875
1492695000,3648990000,2355.840087890625
1492781400,3524160000,2348.68994140625
1493040600,3711170000,2374.14990234375
1493127000,4005820000,2388.610107421875
1493213400,4111350000,2387.449951171875
1493299800,4099940000,2388.77001953125
1493386200,3721350000,2384.199951171875
1493645400,3201500000,2388.330078125
1493731800,3861360000,2391.169921875
1493818200,3896760000,2388.1298828125
1493904600,4367860000,2389.52001953125
1493991000,3543240000,2399.2900390625
1494250200,3429990000,2399.3798828125
1494336600,3657840000,2396.919921875
1494423000,3649370000,2399.6298828125
1494509400,3727710000,2394.43994140625
1494595800,3304620000,2390.89990234375
1494855000,3490080000,2402.320068359375
1494941400,3421810000,2400.669921875
1495027800,4164760000,2357.030029296875
1495114200,4319440000,2365.719970703125
1495200600,3831700000,2381.72998046875
1495459800,3176580000,2394.02001953125
1495546200,3216560000,2398.419921875
1495632600,3389240000,2404.389892578125
1495719000,3538210000,2415.070068359375
1495805400,2806930000,2415.820068359375
1496151000,3205860000,2412.909912109375
1496237400,4518040000,2411.800048828125
1496323800,3860620000,2430.06005859375
1496410200,3465500000,2439.070068359375
1496669400,2916720000,2436.10009765625
1496755800,3376750000,2429.330078125
1496842200,3576220000,2433.139892578125
1496928600,3735980000,2433.7900390625
1497015000,4029860000,2431.77001953125
1497274200,4031840000,2429.389892578125
1497360600,3278240000,2440.35009765625
1497447000,3558640000,2437.919921875
1497533400,3371980000,2432.4599609375
1497619800,5299380000,2433.14990234375
1497879000,3271480000,2453.4599609375
1497965400,3422700000,2437.030029296875
1498051800,3599190000,2435.610107421875
1498138200,3477250000,2434.5
1498224600,5282460000,2438.300048828125
1498483800,3243660000,2439.070068359375
1498570200,3564770000,2419.3798828125
1498656600,3479980000,2440.68994140625
1498743000,3869560000,2419.699951171875
1498829400,3366030000,2423.409912109375
1499088600,1901480000,2429.010009765625
1499261400,3368150000,2432.5400390625
1499347800,3368710000,2409.75
1499434200,2929390000,2425.179931640625
1499693400,3009880000,2427.429931640625
1499779800,3108800000,2425.530029296875
1499866200,3176900000,2443.25
1499952600,3068510000,2447.830078125
1500039000,2738460000,2459.27001953125
1500298200,2800580000,2459.139892578125
1500384600,2974090000,2460.610107421875
1500471000,3063810000,2473.830078125
1500557400,3223820000,2473.449951171875
1500643800,3066880000,2472.5400390625
1500903000,3019920000,2469.909912109375
1500989400,4116360000,2477.1298828125
1501075800,3597830000,2477.830078125
1501162200,4035740000,2475.419921875
1501248600,3302850000,2472.10009765625
1501507800,3475930000,2470.300048828125
1501594200,3470260000,2476.35009765625
1501680600,3487150000,2477.570068359375
1501767000,3662410000,2472.159912109375
1501853400,3239980000,2476.830078125
1502112600,2935130000,2480.909912109375
1502199000,3347480000,2474.919921875
1502285400,3310960000,2474.02001953125
1502371800,3635820000,2438.2099609375
1502458200,3161830000,2441.320068359375
1502717400,2824320000,2465.840087890625
1502803800,2922430000,2464.610107421875
1502890200,2956570000,2468.110107421875
1502976600,3164950000,2430.010009765625
1503063000,3426970000,2425.550048828125
1503322200,2803650000,2428.3701171875
1503408600,2780990000,2452.510009765625
1503495000,2796950000,2444.0400390625
1503581400,2849680000,2438.969970703125
1503667800,2593350000,2443.050048828125
1503927000,2682920000,2444.239990234375
1504013400,2739460000,2446.300048828125
1504099800,2637780000,2457.590087890625
1504186200,3353860000,2471.64990234375
1504272600,2712780000,2476.550048828125
1504618200,3502190000,2457.85009765625
1504704600,3400200000,2465.5400390625
1504791000,3365780000,2465.10009765625
1504877400,3308360000,2461.429931640625
1505136600,3293460000,2488.110107421875
1505223000,3234280000,2496.47998046875
1505309400,3371370000,2498.3701171875
1505395800,3422470000,2495.6201171875
1505482200,4862970000,2500.22998046875
1505741400,3204700000,2503.8701171875
1505827800,3253760000,2506.64990234375
1505914200,3584570000,2508.239990234375
1506000600,2965590000,2500.60009765625
1506087000,2877980000,2502.219970703125
1506346200,3314530000,2496.659912109375
1506432600,3070770000,2496.840087890625
1506519000,3485070000,2507.0400390625
1506605400,3173030000,2510.06005859375
1506691800,3220260000,2519.360107421875
1506951000,3226370000,2529.1201171875
1507037400,3073480000,2534.580078125
1507123800,3020770000,2537.739990234375
1507210200,3059730000,2552.070068359375
1507296600,2898270000,2549.330078125
1507555800,2486940000,2544.72998046875
1507642200,2962610000,2550.639892578125
1507728600,2991320000,2555.239990234375
1507815000,3157280000,2550.929931640625
1507901400,3150470000,2553.169921875
1508160600,2918030000,2557.639892578125
1508247000,2901890000,2559.360107421875
1508333400,2999320000,2561.260009765625
1508419800,3019520000,2562.10009765625
1508506200,3394450000,2575.2099609375
1508765400,3214470000,2564.97998046875
1508851800,3435660000,2569.1298828125
1508938200,3885470000,2557.14990234375
1509024600,3891750000,2560.39990234375
1509111000,3896100000,2581.070068359375
1509370200,3660230000,2572.830078125
1509456600,3844420000,2575.260009765625
1509543000,3841200000,2579.360107421875
1509629400,4050140000,2579.85009765625
1509715800,3568710000,2587.840087890625
1509978600,3541970000,2591.1298828125
1510065000,3815190000,2590.639892578125
1510151400,3898450000,2594.3798828125
1510237800,3844100000,2584.6201171875
1510324200,3489740000,2582.300048828125
1510583400,3405200000,2584.840087890625
1510669800,3643580000,2578.8701171875
1510756200,3586590000,2564.6201171875
1510842600,3329730000,2585.639892578125
1510929000,3309800000,2578.85009765625
1511188200,3023940000,2582.139892578125
1511274600,3351230000,2599.030029296875
1511361000,2764110000,2597.080078125
1511533800,1385890000,2602.419921875
1511793000,3017720000,2601.419921875
1511879400,3493340000,2627.0400390625
1511965800,4090630000,2626.070068359375
1512052200,4965700000,2647.580078125
1512138600,3950930000,2642.219970703125
1512397800,4025840000,2639.43994140625
1512484200,3547570000,2629.570068359375
1512570600,3253080000,2629.27001953125
1512657000,3297060000,2636.97998046875
1512743400,3126750000,2651.5
1513002600,3141480000,2659.989990234375
1513089000,3568910000,2664.110107421875
1513175400,3568360000,2662.85009765625
1513261800,3442760000,2652.010009765625
1513348200,5736910000,2675.81005859375
1513607400,3727770000,2690.159912109375
1513693800,3407680000,2681.469970703125
1513780200,3246230000,2679.25
1513866600,3293130000,2684.570068359375
1513953000,2401030000,2683.340087890625
1514298600,1970660000,2680.5
1514385000,2202900000,2682.6201171875
1514471400,2174890000,2687.5400390625
1514557800,2447760000,2673.610107421875
1514903400,3397430000,2695.81005859375
1514989800,3544030000,2713.06005859375
1515076200,3697340000,2723.989990234375
1515162600,3239280000,2743.14990234375
1515421800,3246160000,2747.7099609375
1515508200,3467460000,2751.2900390625
1515594600,3579900000,2748.22998046875
1515681000,3645690000,2767.56005859375
1515767400,3587220000,2786.239990234375
1516113000,4362880000,2776.419921875
1516199400,3790340000,2802.56005859375
1516285800,3703300000,2798.030029296875
1516372200,3724230000,2810.300048828125
1516631400,3489480000,2832.969970703125
1516717800,3541140000,2839.1298828125
1516804200,4079270000,2837.5400390625
1516890600,3873100000,2839.25
1516977000,3474680000,2872.8701171875
1517236200,3587420000,2853.530029296875
1517322600,4012070000,2822.429931640625
1517409000,4276270000,2823.81005859375
1517495400,3977380000,2821.97998046875
1517581800,4340220000,2762.1298828125
1517841000,5310840000,2648.93994140625
1517927400,5917350000,2695.139892578125
1518013800,4646300000,2681.659912109375
1518100200,5333840000,2581.0
1518186600,5690110000,2619.550048828125
1518445800,4069220000,2656.0
1518532200,3503540000,2662.93994140625
1518618600,4011940000,2698.6298828125
1518705000,3696140000,2731.199951171875
1518791400,3646920000,2732.219970703125
1519137000,3646920000,2716.260009765625
1519223400,3789040000,2701.330078125
1519309800,3720620000,2703.9599609375
1519396200,3200360000,2747.300048828125
1519655400,3436590000,2779.60009765625
1519741800,3752070000,2744.280029296875
1519828200,4244570000,2713.830078125
1519914600,4514490000,2677.669921875
1520001000,3891250000,2691.25
1520260200,3733640000,2720.93994140625
1520346600,3389030000,2728.1201171875
1520433000,3406690000,2726.800048828125
1520519400,3206040000,2738.969970703125
1520605800,3376870000,2786.570068359375
1520861400,3216960000,2783.02001953125
1520947800,3324290000,2765.31005859375
1521034200,3394630000,2749.47998046875
1521120600,3543710000,2747.330078125
1521207000,5429140000,2752.010009765625
1521466200,3327460000,2712.919921875
1521552600,3272590000,2716.93994140625
1521639000,3434780000,2711.929931640625
1521725400,3765460000,2643.68994140625
1521811800,3829380000,2588.260009765625
1522071000,3538080000,2658.550048828125
1522157400,3761320000,2612.6201171875
1522243800,3875720000,2605.0
1522330200,3572360000,2640.8701171875
1522675800,3635780000,2581.8798828125
1522762200,3395840000,2614.449951171875
1522848600,3369230000,2644.68994140625
1522935000,3230430000,2662.840087890625
1523021400,3312390000,2604.469970703125
1523280600,3076140000,2613.159912109375
1523367000,3579130000,2656.8701171875
1523453400,3054520000,2642.18994140625
1523539800,3045330000,2663.989990234375
1523626200,2988540000,2656.300048828125
1523885400,3020740000,2677.840087890625
1523971800,3286190000,2706.389892578125
1524058200,3412030000,2708.639892578125
1524144600,3375120000,2693.1298828125
1524231000,3428260000,2670.139892578125
1524490200,3030390000,2670.2900390625
1524576600,3716020000,2634.56005859375
1524663000,3563680000,2639.39990234375
1524749400,3690920000,2666.93994140625
1524835800,3234510000,2669.909912109375
1525095000,3749510000,2648.050048828125
1525181400,3562820000,2654.800048828125
1525267800,4047020000,2635.669921875
1525354200,3867530000,2629.72998046875
1525440600,3335260000,2663.419921875
1525699800,3266810000,2672.6298828125
1525786200,3745100000,2671.919921875
1525872600,3913650000,2697.7900390625
1525959000,3380640000,2723.070068359375
1526045400,2874850000,2727.719970703125
1526304600,2994360000,2730.1298828125
1526391000,3291190000,2711.449951171875
1526477400,3248480000,2722.4599609375
1526563800,3478150000,2720.1298828125
1526650200,3383270000,2712.969970703125
1526909400,3053480000,2733.010009765625
1526995800,3384140000,2724.43994140625
1527082200,3333160000,2733.2900390625
1527168600,3285750000,2727.760009765625
1527255000,3015260000,2721.330078125
1527600600,3743310000,2689.860107421875
1527687000,3566490000,2724.010009765625
1527773400,4241100000,2705.27001953125
1527859800,3694310000,2734.6201171875
1528119000,3410090000,2746.8701171875
1528205400,3523550000,2748.800048828125
1528291800,3662780000,2772.35009765625
1528378200,3742080000,2770.3701171875
1528464600,3138850000,2779.030029296875
1528723800,3262130000,2782.0
1528810200,3435700000,2786.85009765625
1528896600,3820770000,2775.6298828125
1528983000,3540930000,2782.489990234375
1529069400,5451990000,2779.659912109375
1529328600,3316120000,2773.75
1529415000,3671160000,2762.590087890625
1529501400,3332140000,2767.320068359375
1529587800,3336580000,2749.760009765625
1529674200,5468110000,2754.8798828125
1529933400,3663280000,2717.070068359375
1530019800,3568900000,2723.06005859375
1530106200,3803990000,2699.6298828125
1530192600,3461100000,2716.31005859375
1530279000,3586800000,2718.3701171875
1530538200,3095040000,2726.7099609375
1530624600,1911460000,2713.219970703125
1530797400,2980160000,2736.610107421875
1530883800,2590250000,2759.820068359375
1531143000,3070060000,2784.169921875
1531229400,3080140000,2793.840087890625
1531315800,2986180000,2774.02001953125
1531402200,2834230000,2798.2900390625
1531488600,2619790000,2801.31005859375
1531747800,2819860000,2798.429931640625
1531834200,3064920000,2809.550048828125
1531920600,3111560000,2815.6201171875
1532007000,3278360000,2804.489990234375
1532093400,3243250000,2801.830078125
1532352600,2928490000,2806.97998046875
1532439000,3430410000,2820.39990234375
1532525400,3584400000,2846.070068359375
1532611800,3667290000,2837.43994140625
1532698200,3434370000,2818.820068359375
1532957400,3261190000,2802.60009765625
1533043800,3906890000,2816.2900390625
1533130200,3501350000,2813.360107421875
1533216600,3501380000,2827.219970703125
1533303000,3043690000,2840.35009765625
1533562200,2879020000,2850.39990234375
1533648600,3185440000,2858.449951171875
1533735000,2978070000,2857.699951171875
1533821400,3066180000,2853.580078125
1533907800,3265590000,2833.280029296875
1534167000,3173630000,2821.929931640625
1534253400,2986500000,2839.9599609375
1534339800,3656680000,2818.3701171875
1534426200,3232000000,2840.68994140625
1534512600,3037640000,2850.1298828125
1534771800,2757150000,2857.050048828125
1534858200,3174010000,2862.9599609375
1534944600,2701250000,2861.820068359375
1535031000,2724450000,2856.97998046875
1535117400,2603010000,2874.68994140625
1535376600,2865070000,2896.739990234375
1535463000,2687770000,2897.52001953125
1535549400,2805520000,2914.0400390625
1535635800,2810450000,2901.1298828125
1535722200,2887220000,2901.52001953125
1536067800,3087420000,2896.719970703125
1536154200,3248780000,2888.60009765625
1536240600,3144240000,2878.050048828125
1536327000,2976580000,2871.679931640625
1536586200,2751100000,2877.1298828125
1536672600,2904500000,2887.889892578125
1536759000,3341280000,2888.919921875
1536845400,3274090000,2904.179931640625
1536931800,3179410000,2904.97998046875
1537191000,2967980000,2888.800048828125
1537277400,3091190000,2904.31005859375
1537363800,3302460000,2907.949951171875
1537450200,3406520000,2930.75
1537536600,5652470000,2929.669921875
1537795800,3392030000,2919.3701171875
1537882200,3330880000,2915.56005859375
1537968600,3417540000,2905.969970703125
1538055000,3101360000,2914.0
1538141400,3461680000,2913.97998046875
1538400600,3375890000,2924.590087890625
1538487000,3432620000,2923.429931640625
1538573400,3625510000,2925.510009765625
1538659800,3510370000,2901.610107421875
1538746200,3340820000,2885.570068359375
1539005400,3381820000,2884.429931640625
1539091800,3531690000,2880.340087890625
1539178200,4554260000,2785.679931640625
1539264600,4914090000,2728.3701171875
1539351000,4024010000,2767.1298828125
1539610200,3327160000,2750.7900390625
1539696600,3460260000,2809.919921875
1539783000,3347090000,2809.2099609375
1539869400,3639300000,2768.780029296875
1539955800,3593940000,2767.780029296875
1540215000,3331270000,2755.8798828125
1540301400,4373710000,2740.68994140625
1540387800,4738670000,2656.10009765625
1540474200,4663930000,2705.570068359375
1540560600,4804330000,2658.68994140625
1540819800,4701260000,2641.25
1540906200,5125600000,2682.6298828125
1540992600,5133380000,2711.739990234375
1541079000,4730250000,2740.3701171875
1541165400,4261230000,2723.06005859375
1541428200,3650910000,2738.31005859375
1541514600,3543800000,2755.449951171875
1541601000,3929080000,2813.889892578125
1541687400,3673550000,2806.830078125
1541773800,4029030000,2781.010009765625
1542033000,3701570000,2726.219970703125
1542119400,4112820000,2722.179931640625
1542205800,4449060000,2701.580078125
1542292200,4204960000,2730.199951171875
1542378600,3996970000,2736.27001953125
1542637800,3806940000,2690.72998046875
1542724200,4370820000,2641.889892578125
1542810600,3237400000,2649.929931640625
1542983400,1651680000,2632.56005859375
1543242600,3523520000,2673.449951171875
1543329000,3494380000,2682.169921875
1543415400,3984540000,2743.7900390625
1543501800,3599200000,2737.800048828125
1543588200,4668310000,2760.169921875
1543847400,4221580000,2790.3701171875
1543933800,4515710000,2700.06005859375
1544106600,5180430000,2695.949951171875
1544193000,4242240000,2633.080078125
1544452200,4162880000,2637.719970703125
1544538600,3963440000,2636.780029296875
1544625000,4029300000,2651.070068359375
1544711400,3978340000,2650.5400390625
1544797800,4064370000,2599.949951171875
1545057000,4661420000,2545.93994140625
1545143400,4519190000,2546.159912109375
1545229800,5152830000,2506.9599609375
1545316200,5619780000,2467.419921875
1545402600,7657890000,2416.6201171875
1545661800,2613670000,2351.10009765625
1545834600,4249740000,2467.699951171875
1545921000,4139010000,2488.830078125
1546007400,3728440000,2485.739990234375
1546266600,3461920000,2506.85009765625
1546439400,3733160000,2510.030029296875
1546525800,3858830000,2447.889892578125
1546612200,4234140000,2531.93994140625
1546871400,4133120000,2549.68994140625
1546957800,4120060000,2574.409912109375
1547044200,4088740000,2584.9599609375
1547130600,3721300000,2596.639892578125
1547217000,3447460000,2596.260009765625
1547476200,3689370000,2582.610107421875
1547562600,3601180000,2610.300048828125
1547649000,3882180000,2616.10009765625
1547735400,3802410000,2635.9599609375
1547821800,4009010000,2670.7099609375
1548167400,3923950000,2632.89990234375
1548253800,3358770000,2638.699951171875
1548340200,3449230000,2642.330078125
1548426600,3821000000,2664.760009765625
1548685800,3630820000,2643.85009765625
1548772200,3518070000,2640.0
1548858600,3883270000,2681.050048828125
1548945000,4953800000,2704.10009765625
1549031400,3782490000,2706.530029296875
1549290600,3369450000,2724.8701171875
1549377000,3597620000,2737.699951171875
1549463400,3486590000,2731.610107421875
1549549800,4114040000,2706.050048828125
1549636200,3649510000,2707.8798828125
1549895400,3395330000,2709.800048828125
1549981800,3843020000,2744.72998046875
1550068200,3684910000,2753.030029296875
1550154600,3845390000,2745.72998046875
1550241000,3648680000,2775.60009765625
1550586600,3535270000,2779.760009765625
1550673000,3904830000,2784.699951171875
1550759400,3598260000,2774.8798828125
1550845800,3429350000,2792.669921875
1551105000,3860260000,2796.110107421875
1551191400,3676200000,2793.89990234375
1551277800,3771790000,2792.3798828125
1551364200,4445780000,2784.489990234375
1551450600,3994950000,2803.68994140625
1551709800,3949730000,2792.81005859375
1551796200,3631380000,2789.64990234375
1551882600,3800180000,2771.449951171875
1551969000,3932150000,2748.929931640625
1552055400,3424300000,2743.070068359375
1552311000,3764850000,2783.300048828125
1552397400,3432340000,2791.52001953125
1552483800,3782250000,2810.919921875
1552570200,3505670000,2808.47998046875
1552656600,5969780000,2822.47998046875
1552915800,3620770000,2832.93994140625
1553002200,3650740000,2832.570068359375
1553088600,3779160000,2824.22998046875
1553175000,3612620000,2854.8798828125
1553261400,4253730000,2800.7099609375
1553520600,3406110000,2798.360107421875
1553607000,3288570000,2818.4599609375
1553693400,3422400000,2805.3701171875
1553779800,3185460000,2815.43994140625
1553866200,3752520000,2834.39990234375
1554125400,3560090000,2867.18994140625
1554211800,3267210000,2867.239990234375
1554298200,3570000000,2873.39990234375
1554384600,3038740000,2879.389892578125
1554471000,3155970000,2892.739990234375
1554730200,3056460000,2895.77001953125
1554816600,3032480000,2878.199951171875
1554903000,3092230000,2888.2099609375
1554989400,2970650000,2888.320068359375
1555075800,3726050000,2907.409912109375
1555335000,3114530000,2905.580078125
1555421400,3403120000,2907.06005859375
1555507800,3648100000,2900.449951171875
1555594200,3507100000,2905.030029296875
1555939800,3010130000,2907.969970703125
1556026200,3674480000,2933.679931640625
1556112600,3468480000,2927.25
1556199000,3440010000,2926.169921875
1556285400,3264390000,2939.8798828125
1556544600,3150390000,2943.030029296875
1556631000,3939760000,2945.830078125
1556717400,3669330000,2923.72998046875
1556803800,3802290000,2917.52001953125
1556890200,3357180000,2945.639892578125
1557149400,3203260000,2932.469970703125
1557235800,3793060000,2884.050048828125
1557322200,3543110000,2879.419921875
1557408600,3659050000,2870.719970703125
1557495000,3566780000,2881.39990234375
1557754200,3900270000,2811.8701171875
1557840600,3354860000,2834.409912109375
1557927000,3140900000,2850.9599609375
1558013400,3338470000,2876.320068359375
1558099800,3316040000,2859.530029296875
1558359000,3293750000,2840.22998046875
1558445400,3223050000,2864.360107421875
1558531800,3194000000,2856.27001953125
1558618200,3899320000,2822.239990234375
1558704600,2889230000,2826.06005859375
1559050200,4146980000,2802.389892578125
1559136600,3701110000,2783.02001953125
1559223000,3276030000,2788.860107421875
1559309400,3982670000,2752.06005859375
1559568600,3952360000,2744.449951171875
1559655000,3814130000,2803.27001953125
1559741400,3570760000,2826.14990234375
1559827800,3445140000,2843.489990234375
1559914200,3244380000,2873.340087890625
1560173400,3209890000,2886.72998046875
1560259800,3551000000,2885.719970703125
1560346200,3039870000,2879.840087890625
1560432600,3100640000,2891.639892578125
1560519000,2992810000,2886.97998046875
1560778200,2828400000,2889.669921875
1560864600,3441540000,2917.75
1560951000,3300220000,2926.4599609375
1561037400,3943060000,2954.179931640625
1561123800,5003540000,2950.4599609375
1561383000,3136960000,2945.35009765625
1561469400,3579430000,2917.3798828125
1561555800,3511350000,2913.780029296875
1561642200,3162500000,2924.919921875
1561728600,5422650000,2941.760009765625
1561987800,3524860000,2964.330078125
1562074200,3224490000,2973.010009765625
1562160600,1963570000,2995.820068359375
1562333400,2434680000,2990.409912109375
1562592600,2922360000,2975.949951171875
1562679000,3033330000,2979.6298828125
1562765400,3157800000,2993.070068359375
1562851800,3155710000,2999.909912109375
1562938200,2984140000,3013.77001953125
1563197400,2876100000,3014.300048828125
1563283800,3297030000,3004.0400390625
1563370200,3185650000,2984.419921875
1563456600,3369820000,2995.110107421875
1563543000,3285890000,2976.610107421875
1563802200,3016200000,2985.030029296875
1563888600,3333810000,3005.469970703125
1563975000,3433220000,3019.56005859375
1564061400,3657050000,3003.669921875
1564147800,3260170000,3025.860107421875
1564407000,3224490000,3020.969970703125
1564493400,3632770000,3013.179931640625
1564579800,4626330000,2980.3798828125
1564666200,4793810000,2953.56005859375
1564752600,3882810000,2932.050048828125
1565011800,4542850000,2844.739990234375
1565098200,4156640000,2881.77001953125
1565184600,4512720000,2883.97998046875
1565271000,4118530000,2938.090087890625
1565357400,3356850000,2918.64990234375
1565616600,3328570000,2882.699951171875
1565703000,3857190000,2926.320068359375
1565789400,4325150000,2840.60009765625
1565875800,4041720000,2847.60009765625
1565962200,3524080000,2888.679931640625
1566221400,3221050000,2923.64990234375
1566307800,3067710000,2900.510009765625
1566394200,3016540000,2924.429931640625
1566480600,2893660000,2922.949951171875
1566567000,3942520000,2847.110107421875
1566826200,2859790000,2878.3798828125
1566912600,3537490000,2869.159912109375
1566999000,3102480000,2887.93994140625
1567085400,3177150000,2924.580078125
1567171800,3009910000,2926.4599609375
1567517400,3427830000,2906.27001953125
1567603800,3167900000,2937.780029296875
1567690200,3902600000,2976.0
1567776600,3209340000,2978.7099609375
1568035800,4031120000,2978.429931640625
1568122200,4393040000,2979.389892578125
1568208600,3934370000,3000.929931640625
1568295000,3796990000,3009.570068359375
1568381400,3557010000,3007.389892578125
1568640600,4285860000,2997.9599609375
1568727000,3673250000,3005.699951171875
1568813400,3458800000,3006.72998046875
1568899800,3265660000,3006.7900390625
1568986200,6103440000,2992.070068359375
1569245400,3187250000,2991.780029296875
1569331800,3872800000,2966.60009765625
1569418200,3331200000,2984.8701171875
1569504600,3084910000,2977.6201171875
1569591000,3246480000,2961.7900390625
1569850200,3249130000,2976.739990234375
1569936600,3560750000,2940.25
1570023000,3914180000,2887.610107421875
1570109400,3515130000,2910.6298828125
1570195800,3005600000,2952.010009765625
1570455000,2959050000,2938.7900390625
1570541400,3370700000,2893.06005859375
1570627800,2735350000,2919.39990234375
1570714200,3234400000,2938.1298828125
1570800600,3581320000,2970.27001953125
1571059800,2559270000,2966.14990234375
1571146200,3345090000,2995.679931640625
1571232600,3230320000,2989.68994140625
1571319000,3103470000,2997.949951171875
1571405400,3268970000,2986.199951171875
1571664600,3271960000,3006.719970703125
1571751000,3527540000,2995.989990234375
1571837400,3413600000,3004.52001953125
1571923800,3696510000,3010.2900390625
1572010200,3379060000,3022.550048828125
1572269400,3524970000,3039.419921875
1572355800,3594430000,3036.889892578125
1572442200,3779660000,3046.77001953125
1572528600,4149310000,3037.56005859375
1572615000,3956290000,3066.909912109375
1572877800,4178040000,3078.27001953125
1572964200,4490590000,3074.6201171875
1573050600,4465510000,3076.780029296875
1573137000,4151990000,3085.179931640625
1573223400,3508160000,3093.080078125
1573482600,3041120000,3087.010009765625
1573569000,3495560000,3091.840087890625
1573655400,3513720000,3094.0400390625
1573741800,3282090000,3096.6298828125
1573828200,3359800000,3120.4599609375
1574087400,3440140000,3122.030029296875
1574173800,3613670000,3120.179931640625
1574260200,4041010000,3108.4599609375
1574346600,3744010000,3103.5400390625
1574433000,3235270000,3110.2900390625
1574692200,3514310000,3133.639892578125
1574778600,4600450000,3140.52001953125
1574865000,3035470000,3153.6298828125
1575037800,1743420000,3140.97998046875
1575297000,3285750000,3113.8701171875
1575383400,3671580000,3093.199951171875
1575469800,3702980000,3112.760009765625
1575556200,3360480000,3117.429931640625
1575642600,3483310000,3145.909912109375
1575901800,3400470000,3135.9599609375
1575988200,3346310000,3132.52001953125
1576074600,3257650000,3141.6298828125
1576161000,4003200000,3168.570068359375
1576247400,3757650000,3168.800048828125
1576506600,4070200000,3191.449951171875
1576593000,3842940000,3192.52001953125
1576679400,4029950000,3191.139892578125
1576765800,3784360000,3205.3701171875
1576852200,6457480000,3221.219970703125
1577111400,3064530000,3224.010009765625
1577197800,1296530000,3223.3798828125
1577370600,2164540000,3239.909912109375
1577457000,2429150000,3240.02001953125
1577716200,3021720000,3221.2900390625
1577802600,2894760000,3230.780029296875
1577975400,3459930000,3257.85009765625
1578061800,3484700000,3234.85009765625
1578321000,3702460000,3246.280029296875
1578407400,3435910000,3237.179931640625
1578493800,3726840000,3253.050048828125
1578580200,3641230000,3274.699951171875
1578666600,3214580000,3265.35009765625
1578925800,3459390000,3288.1298828125
1579012200,3687620000,3283.14990234375
1579098600,3721490000,3289.2900390625
1579185000,3540580000,3316.81005859375
1579271400,3726220000,3329.6201171875
1579617000,4104840000,3320.7900390625
1579703400,3623780000,3321.75
1579789800,3766710000,3325.5400390625
1579876200,3708780000,3295.469970703125
1580135400,3831050000,3243.6298828125
1580221800,3531570000,3276.239990234375
1580308200,3600250000,3273.39990234375
1580394600,3790350000,3283.659912109375
1580481000,4529700000,3225.52001953125
1580740200,3760460000,3248.919921875
1580826600,3996900000,3297.590087890625
1580913000,4121480000,3334.68994140625
1580999400,3887250000,3345.780029296875
1581085800,3733920000,3327.7099609375
1581345000,3462730000,3352.090087890625
1581431400,3762940000,3357.75
1581517800,3930910000,3379.449951171875
1581604200,3500890000,3373.93994140625
1581690600,3419700000,3380.159912109375
1582036200,3750400000,3370.2900390625
1582122600,3614200000,3386.14990234375
1582209000,4019180000,3373.22998046875
1582295400,3908780000,3337.75
1582554600,4851160000,3225.889892578125
1582641000,5596760000,3128.2099609375
1582727400,5484650000,3116.389892578125
1582813800,7064710000,2978.760009765625
1582900200,8569570000,2954.219970703125
1583159400,6381330000,3090.22998046875
1583245800,6376510000,3003.3701171875
1583332200,5073020000,3130.1201171875
1583418600,5579290000,3023.93994140625
1583505000,6555240000,2972.3701171875
1583760600,8441290000,2746.56005859375
1583847000,7642040000,2882.22998046875
1583933400,7431200000,2741.3798828125
1584019800,8850810000,2480.639892578125
1584106200,8299070000,2711.02001953125
1584365400,7805450000,2386.1298828125
1584451800,8370250000,2529.18994140625
1584538200,8799300000,2398.10009765625
1584624600,7956100000,2409.389892578125
1584711000,9053950000,2304.919921875
1584970200,7411380000,2237.39990234375
1585056600,7563150000,2447.330078125
1585143000,8300010000,2475.56005859375
1585229400,7766990000,2630.070068359375
1585315800,6201670000,2541.469970703125
1585575000,5751120000,2626.64990234375
1585661400,6576210000,2584.590087890625
1585747800,5964000000,2470.5
1585834200,6464190000,2526.89990234375
1585920600,6096970000,2488.64990234375
1586179800,6403840000,2663.679931640625
1586266200,7050410000,2659.409912109375
1586352600,5875710000,2749.97998046875
1586439000,7899550000,2789.820068359375
1586784600,5319530000,2761.6298828125
1586871000,5615730000,2846.06005859375
1586957400,5208000000,2783.360107421875
1587043800,5228810000,2799.550048828125
1587130200,5804810000,2874.56005859375
1587389400,5228630000,2823.159912109375
1587475800,5121010000,2736.56005859375
1587562200,5084920000,2799.31005859375
1587648600,5773530000,2797.800048828125
1587735000,5382810000,2836.739990234375
1587994200,5203930000,2878.47998046875
1588080600,5691160000,2863.389892578125
1588167000,6645640000,2939.510009765625
1588253400,6544980000,2912.429931640625
1588339800,4759810000,2830.7099609375
1588599000,4735930000,2842.739990234375
1588685400,5140290000,2868.43994140625
1588771800,4892570000,2848.419921875
1588858200,5178790000,2881.18994140625
1588944600,4876030000,2929.800048828125
1589203800,4819730000,2930.18994140625
1589290200,5119630000,2870.1201171875
1589376600,6151650000,2820.0
1589463000,5651130000,2852.5
1589549400,5507700000,2863.699951171875
1589808600,6373670000,2953.909912109375
1589895000,4984330000,2922.93994140625
1589981400,5005380000,2971.610107421875
1590067800,4976620000,2948.510009765625
1590154200,3970860000,2955.449951171875
1590499800,5848500000,2991.77001953125
1590586200,6398000000,3036.1298828125
1590672600,5447020000,3029.72998046875
1590759000,7297550000,3044.31005859375
1591018200,4684170000,3055.72998046875
1591104600,5197150000,3080.820068359375
1591191000,6005560000,3122.8701171875
1591277400,6451290000,3112.35009765625
1591363800,8639300000,3193.929931640625
1591623000,8498300000,3232.389892578125
1591709400,6410930000,3207.179931640625
1591795800,6598870000,3190.139892578125
1591882200,7037320000,3002.10009765625
1591968600,5845330000,3041.31005859375
1592227800,5757480000,3066.590087890625
1592314200,5845810000,3124.739990234375
1592400600,4560450000,3113.489990234375
1592487000,4448690000,3115.340087890625
1592573400,8346650000,3097.739990234375
1592832600,4686690000,3117.860107421875
1592919000,4711850000,3131.2900390625
1593005400,5597680000,3050.330078125
1593091800,4847690000,3083.760009765625
1593178200,8107850000,3009.050048828125
1593437400,4473970000,3053.239990234375
1593523800,4705850000,3100.2900390625
1593610200,4449230000,3115.860107421875
1593696600,4197720000,3130.010009765625
1594042200,4759160000,3179.719970703125
1594128600,4571330000,3145.320068359375
1594215000,4937310000,3169.93994140625
1594301400,4843650000,3152.050048828125
1594387800,4524190000,3185.0400390625
1594647000,4902440000,3155.219970703125
1594733400,4507140000,3197.52001953125
1594819800,4686830000,3226.56005859375
1594906200,3972860000,3215.570068359375
1594992600,4012850000,3224.72998046875
1595251800,3979340000,3251.840087890625
1595338200,4556610000,3257.300048828125
1595424600,4267160000,3276.02001953125
1595511000,4296760000,3235.659912109375
1595597400,3689410000,3215.6298828125
1595856600,3970310000,3239.409912109375
1595943000,4053180000,3218.43994140625
1596029400,4478200000,3258.43994140625
1596115800,4264920000,3246.219970703125
1596202200,5007530000,3271.1201171875
1596461400,4438940000,3294.610107421875
1596547800,4414380000,3306.510009765625
1596634200,4535060000,3327.77001953125
1596720600,4278930000,3349.159912109375
1596807000,4110030000,3351.280029296875
1597066200,4327920000,3360.469970703125
1597152600,4880540000,3333.68994140625
1597239000,3772250000,3380.35009765625
1597325400,3438730000,3373.429931640625
1597411800,3200060000,3372.85009765625
1597671000,3460330000,3381.989990234375
1597757400,3669550000,3389.780029296875
1597843800,3679480000,3374.85009765625
1597930200,3431040000,3385.510009765625
1598016600,3505010000,3397.159912109375
1598275800,3743410000,3431.280029296875
1598362200,3627650000,3443.6201171875
1598448600,3780530000,3478.72998046875
1598535000,3955890000,3484.550048828125
1598621400,3868510000,3508.010009765625
1598880600,4348280000,3500.31005859375
1598967000,4101490000,3526.64990234375
1599053400,4295640000,3580.840087890625
1599139800,4911830000,3455.06005859375
1599226200,4438720000,3426.9599609375
1599571800,4694330000,3331.840087890625
1599658200,3932520000,3398.9599609375
1599744600,4208630000,3339.18994140625
1599831000,3710090000,3340.969970703125
1600090200,3839580000,3383.5400390625
1600176600,4057190000,3401.199951171875
1600263000,4718900000,3385.489990234375
1600349400,4379840000,3357.010009765625
1600435800,7076400000,3319.469970703125
1600695000,4836070000,3281.06005859375
1600781400,3974510000,3315.570068359375
1600867800,4378650000,3236.919921875
1600954200,4601920000,3246.590087890625
1601040600,3803330000,3298.4599609375
1601299800,3950910000,3351.60009765625
1601386200,3661590000,3335.469970703125
1601472600,4738640000,3363.0
1601559000,4076340000,3380.800048828125
1601645400,3975180000,3348.419921875
1601904600,3692720000,3408.60009765625
1601991000,4453390000,3360.969970703125
1602077400,3814750000,3419.43994140625
1602163800,3867640000,3446.830078125
1602250200,3944090000,3477.139892578125
1602509400,3435760000,3534.219970703125
1602595800,3611100000,3511.929931640625
1602682200,3858510000,3488.669921875
1602768600,3724550000,3483.340087890625
1602855000,4688030000,3483.81005859375
1603114200,4091080000,3426.919921875
1603200600,3917850000,3443.1201171875
1603287000,4103960000,3435.56005859375
1603373400,4172060000,3453.489990234375
1603459800,3651600000,3465.389892578125
1603719000,4002210000,3400.969970703125
1603805400,3962400000,3390.679931640625
1603891800,5139970000,3271.030029296875
1603978200,4911860000,3310.110107421875
1604064600,4843930000,3269.9599609375
1604327400,4314690000,3310.239990234375
1604413800,4241380000,3369.159912109375
1604500200,4790400000,3443.43994140625
1604586600,4858150000,3510.449951171875
1604673000,4842460000,3509.43994140625
1604932200,8570510000,3550.5
1605018600,6037470000,3545.530029296875
1605105000,4635560000,3572.659912109375
1605191400,4909660000,3537.010009765625
1605277800,4719580000,3585.14990234375
1605537000,5295510000,3626.909912109375
1605623400,4812180000,3609.530029296875
1605709800,5284810000,3567.7900390625
1605796200,4363370000,3581.8701171875
1605882600,4236370000,3557.5400390625
1606141800,5057550000,3577.590087890625
1606228200,6280290000,3635.409912109375
1606314600,4910440000,3629.64990234375
1606487400,2778390000,3638.35009765625
1606746600,6308410000,3621.6298828125
1606833000,5418480000,3662.449951171875
1606919400,5041250000,3669.010009765625
1607005800,5065340000,3666.719970703125
1607092200,5099620000,3699.1201171875
1607351400,4804500000,3691.9599609375
1607437800,4584390000,3702.25
1607524200,5232800000,3672.820068359375
1607610600,4658480000,3668.10009765625
1607697000,4375470000,3663.4599609375
1607956200,4623850000,3647.489990234375
1608042600,4387080000,3694.6201171875
1608129000,4067040000,3701.169921875
1608215400,4192810000,3722.47998046875
1608301800,7097100000,3709.409912109375
1608561000,4748580000,3694.919921875
1608647400,4053310000,3687.260009765625
1608733800,3779160000,3690.010009765625
1608820200,1883780000,3703.06005859375
1609165800,3535460000,3735.360107421875
1609252200,3393290000,3727.0400390625
1609338600,3154850000,3732.0400390625
1609425000,3179040000,3756.070068359375
1609770600,5015000000,3700.64990234375
1609857000,4591020000,3726.860107421875
1609943400,6064110000,3748.139892578125
1610029800,5099160000,3803.7900390625
1610116200,4773040000,3824.679931640625
1610375400,4465430000,3799.610107421875
1610461800,4994950000,3801.18994140625
1610548200,4602510000,3809.840087890625
1610634600,5198480000,3795.5400390625
1610721000,5369820000,3768.25
1611066600,5014440000,3798.909912109375
1611153000,4566190000,3851.85009765625
1611239400,4501760000,3853.070068359375
1611325800,5110890000,3841.469970703125
1611585000,7000840000,3855.360107421875
1611671400,6137500000,3849.6201171875
1611757800,9976520000,3750.77001953125
1611844200,6992770000,3787.3798828125
1611930600,6643370000,3714.239990234375
1612189800,5436230000,3773.860107421875
1612276200,5514090000,3826.31005859375
1612362600,4864870000,3830.169921875
1612449000,4879240000,3871.739990234375
1612535400,4879470000,3886.830078125
1612794600,4648360000,3915.590087890625
1612881000,4568320000,3911.22998046875
1612967400,4837070000,3909.8798828125
1613053800,4590960000,3916.3798828125
1613140200,4135060000,3934.830078125
1613485800,5058990000,3932.590087890625
1613572200,4730650000,3931.330078125
1613658600,4793650000,3913.969970703125
1613745000,4845320000,3906.7099609375
1614004200,5917100000,3876.5
1614090600,6296610000,3881.3701171875
1614177000,6012790000,3925.429931640625
1614263400,6547470000,3829.340087890625
1614349800,6526070000,3811.14990234375
1614609000,5114820000,3901.820068359375
1614695400,5536010000,3870.2900390625
1614781800,6173660000,3819.719970703125
1614868200,7195400000,3768.469970703125
1614954600,6851070000,3841.93994140625
1615213800,5871710000,3821.35009765625
1615300200,5513560000,3875.43994140625
1615386600,5847380000,3898.81005859375
1615473000,5312880000,3939.340087890625
1615559400,4476280000,3943.340087890625
1615815000,4900100000,3968.93994140625
1615901400,4613080000,3962.7099609375
1615987800,4561660000,3974.1201171875
1616074200,5118590000,3915.4599609375
1616160600,7757420000,3913.10009765625
1616419800,4316260000,3940.590087890625
1616506200,4669010000,3910.52001953125
1616592600,4783020000,3889.139892578125
1616679000,4948340000,3909.52001953125
1616765400,5483160000,3974.5400390625
1617024600,4628180000,3971.090087890625
1617111000,4121510000,3958.550048828125
1617197400,4578050000,3972.889892578125
1617283800,4162130000,4019.8701171875
1617629400,4005030000,4077.909912109375
1617715800,4081270000,4073.93994140625
1617802200,4120810000,4079.949951171875
1617888600,3907100000,4097.169921875
1617975000,3640390000,4128.7998046875
1618234200,3588900000,4127.990234375
1618320600,3734720000,4141.58984375
1618407000,3985350000,4124.66015625
1618493400,4033420000,4170.419921875
1618579800,4163820000,4185.47021484375
1618839000,3810290000,4163.259765625
1618925400,4342650000,4134.93994140625
1619011800,3887250000,4173.419921875
1619098200,4245140000,4134.97998046875
1619184600,3569880000,4180.169921875
1619443800,3748320000,4187.6201171875
1619530200,3710700000,4186.72021484375
1619616600,3787360000,4183.18017578125
1619703000,4298680000,4211.47021484375
1619789400,4300880000,4181.169921875
1620048600,4070220000,4192.66015625
1620135000,4452460000,4164.66015625
1620221400,4230920000,4167.58984375
1620307800,4511000000,4201.6201171875
1620394200,4016080000,4232.60009765625
1620653400,4560700000,4188.43017578125
1620739800,4870710000,4152.10009765625
1620826200,4733070000,4063.0400390625
1620912600,4779540000,4112.5
1620999000,4008880000,4173.85009765625
1621258200,4125050000,4163.2900390625
1621344600,4398150000,4127.830078125
1621431000,4247450000,4115.68017578125
1621517400,3978880000,4159.1201171875
1621603800,3995250000,4155.85986328125
1621863000,3684800000,4197.0498046875
1621949400,4182250000,4188.1298828125
1622035800,4420890000,4195.990234375
1622122200,6406310000,4200.8798828125
1622208600,4649250000,4204.10986328125
1622554200,5074670000,4202.0400390625
1622640600,5833670000,4208.1201171875
1622727000,5587970000,4192.85009765625
1622813400,4139790000,4229.89013671875
1623072600,4476920000,4226.52001953125
1623159000,4659620000,4227.259765625
1623245400,4713260000,4219.5498046875
1623331800,4408210000,4239.18017578125
1623418200,3815010000,4247.43994140625
1623677400,4151200000,4255.14990234375
1623763800,4048940000,4246.58984375
1623850200,4538350000,4223.7001953125
1623936600,5312680000,4221.85986328125
1624023000,6817010000,4166.4501953125
1624282200,4128950000,4224.7900390625
1624368600,3828390000,4246.43994140625
1624455000,3730350000,4241.83984375
1624541400,3816660000,4266.490234375
1624627800,7341450000,4280.7001953125
1624887000,4147890000,4290.60986328125
1624973400,3707150000,4291.7998046875
1625059800,4266040000,4297.5
1625146200,3788230000,4319.93994140625
1625232600,3225840000,4352.33984375
1625578200,4309570000,4343.5400390625
1625664600,4037380000,4358.1298828125
1625751000,4347500000,4320.81982421875
1625837400,3531120000,4369.5498046875
1626096600,3384460000,4384.6298828125
1626183000,3695430000,4369.2099609375
1626269400,4006370000,4374.2998046875
1626355800,3905230000,4360.02978515625
1626442200,3985700000,4327.16015625
1626701400,5157660000,4258.490234375
1626787800,4438270000,4323.06005859375
1626874200,3810280000,4358.68994140625
1626960600,3358300000,4367.47998046875
1627047000,4540070000,4411.7900390625
1627306200,4275630000,4422.2998046875
1627392600,4241950000,4401.4599609375
1627479000,4215290000,4400.64013671875
1627565400,4044600000,4419.14990234375
1627651800,3956740000,4395.259765625
1627911000,3724090000,4387.16015625
1627997400,3965190000,4423.14990234375
1628083800,4260760000,4402.66015625
1628170200,3769410000,4429.10009765625
1628256600,3451870000,4436.52001953125
1628515800,3449280000,4432.35009765625
1628602200,3886610000,4436.75
1628688600,3532560000,4442.41015625
1628775000,3375310000,4460.830078125
1628861400,3016470000,4468.0
1629120600,3370640000,4479.7099609375
1629207000,3836960000,4448.080078125
1629293400,3755590000,4400.27001953125
1629379800,4398410000,4405.7998046875
1629466200,3652610000,4441.669921875
1629725400,3576530000,4479.52978515625
1629811800,3979220000,4486.22998046875
1629898200,3444700000,4496.18994140625
1629984600,3263980000,4470.0
1630071000,3331200000,4509.3701171875
1630330200,3168660000,4528.7900390625
1630416600,4290710000,4522.68017578125
1630503000,4057340000,4524.08984375
1630589400,3735990000,4536.9501953125
1630675800,3217530000,4535.43017578125
1631021400,3822960000,4520.02978515625
1631107800,3750880000,4514.06982421875
1631194200,3735390000,4493.27978515625
1631280600,3623180000,4458.580078125
1631539800,3914220000,4468.72998046875
1631626200,3670460000,4443.0498046875
1631712600,4032020000,4480.7001953125
1631799000,3984560000,4473.75
1631885400,7289530000,4432.990234375
1632144600,4898070000,4357.72998046875
1632231000,3920920000,4354.18994140625
1632317400,3939170000,4395.64013671875
1632403800,3916350000,4448.97998046875
1632490200,3384290000,4455.47998046875
1632749400,4058650000,4443.10986328125
1632835800,4416550000,4352.6298828125
1632922200,3712660000,4359.4599609375
1633008600,4448140000,4307.5400390625
1633095000,4010370000,4357.0400390625
1633354200,4307870000,4300.4599609375
1633440600,3902890000,4345.72021484375
1633527000,4009630000,4363.5498046875
1633613400,3843740000,4399.759765625
1633699800,3280160000,4391.33984375
1633959000,3281970000,4361.18994140625
1634045400,3558450000,4350.64990234375
1634131800,3620070000,4363.7998046875
1634218200,3598280000,4438.259765625
1634304600,3819380000,4471.3701171875
1634563800,3662010000,4486.4599609375
1634650200,3459130000,4519.6298828125
1634736600,3670760000,4536.18994140625
1634823000,3822330000,4549.77978515625
1634909400,3758220000,4544.89990234375
1635168600,3899400000,4566.47998046875
1635255000,3879740000,4574.7900390625
1635341400,4226050000,4551.68017578125
1635427800,4132950000,4596.419921875
1635514200,4510200000,4605.3798828125
1635773400,3971540000,4613.669921875
1635859800,3975250000,4630.64990234375
1635946200,4319660000,4660.56982421875
1636032600,4462300000,4680.06005859375
1636119000,4467180000,4697.52978515625
1636381800,4269710000,4701.7001953125
1636468200,4117080000,4685.25
1636554600,4503720000,4646.7099609375
1636641000,3926870000,4649.27001953125
1636727400,3728600000,4682.85009765625
1636986600,3488410000,4682.7998046875
1637073000,3972640000,4700.89990234375
1637159400,3969070000,4688.669921875
1637245800,4226410000,4704.5400390625
1637332200,4253180000,4697.9599609375
1637591400,4441100000,4682.93994140625
1637677800,4277590000,4690.7001953125
1637764200,3418430000,4701.4599609375
1637937000,3517700000,4594.6201171875
1638196200,4336410000,4655.27001953125
1638282600,6625990000,4567.0
1638369000,5366730000,4513.0400390625
1638455400,5077180000,4577.10009765625
1638541800,5240070000,4538.43017578125
1638801000,4770800000,4591.669921875
1638887400,4492400000,4686.75
1638973800,4234600000,4701.2099609375
1639060200,3903840000,4667.4501953125
1639146600,3870110000,4712.02001953125
1639405800,4397230000,4668.97021484375
1639492200,4485430000,4634.08984375
1639578600,4910130000,4709.85009765625
1639665000,4829500000,4668.669921875
1639751400,7987090000,4620.64013671875
1640010600,4635700000,4568.02001953125
1640097000,4072430000,4649.22998046875
1640183400,3319610000,4696.56005859375
1640269800,2913040000,4725.7900390625
1640615400,2770290000,4791.18994140625
1640701800,2707920000,4786.35009765625
1640788200,2963310000,4793.06005859375
1640874600,3124950000,4778.72998046875
1640961000,2677820000,4766.18017578125
1641220200,3831020000,4796.56005859375
1641306600,4683170000,4793.5400390625
1641393000,4887960000,4700.580078125
1641479400,4295280000,4696.0498046875
1641565800,4181510000,4677.02978515625
1641825000,4511810000,4670.2900390625
1641911400,4101590000,4713.06982421875
1641997800,4048220000,4726.35009765625
1642084200,4251730000,4659.02978515625
1642170600,4338490000,4662.85009765625
1642516200,4748700000,4577.10986328125
1642602600,4465740000,4532.759765625
1642689000,4640870000,4482.72998046875
1642775400,5589100000,4397.93994140625
1643034600,6928110000,4410.1298828125
1643121000,5145050000,4356.4501953125
1643207400,5570640000,4349.93017578125
1643293800,5214200000,4326.509765625
1643380200,5031090000,4431.85009765625
1643639400,5098610000,4515.5498046875
1643725800,4816830000,4546.5400390625
1643812200,4481580000,4589.3798828125
1643898600,4401970000,4477.43994140625
1643985000,4706290000,4500.52978515625
1644244200,4228480000,4483.8701171875
1644330600,4459620000,4521.5400390625
1644417000,4524350000,4587.18017578125
1644503400,5314860000,4504.080078125
1644589800,5251500000,4418.64013671875
1644849000,4600390000,4401.669921875
1644935400,4430830000,4471.06982421875
1645021800,4283640000,4475.009765625
1645108200,4539420000,4380.259765625
1645194600,4708060000,4348.8701171875
1645540200,5121900000,4304.759765625
1645626600,4797430000,4225.5
1645713000,6752130000,4288.7001953125
1645799400,5177060000,4384.64990234375
1646058600,6071370000,4373.93994140625
1646145000,5846230000,4306.259765625
1646231400,5337870000,4386.5400390625
1646317800,5039890000,4363.490234375
1646404200,5797380000,4328.8701171875
1646663400,6940470000,4201.08984375
1646749800,7243120000,4170.7001953125
1646836200,5662670000,4277.8798828125
1646922600,4980830000,4259.52001953125
1647009000,4938640000,4204.31005859375
1647264600,5574920000,4173.10986328125
1647351000,5392470000,4262.4501953125
1647437400,6309750000,4357.85986328125
1647523800,4985090000,4411.669921875
1647610200,8278430000,4463.1201171875
1647869400,4869820000,4461.18017578125
1647955800,4754840000,4511.60986328125
1648042200,4550670000,4456.240234375
1648128600,4131390000,4520.16015625
1648215000,4305020000,4543.06005859375
1648474200,4312260000,4575.52001953125
1648560600,5085910000,4631.60009765625
1648647000,4385570000,4602.4501953125
1648733400,4823020000,4530.41015625
1648819800,4562940000,4545.85986328125
1649079000,4547350000,4582.64013671875
1649165400,4800620000,4525.1201171875
1649251800,4986830000,4481.14990234375
1649338200,4821490000,4500.2099609375
1649424600,4083200000,4488.27978515625
1649683800,4266290000,4412.52978515625
1649770200,4152090000,4397.4501953125
1649856600,3828150000,4446.58984375
1649943000,4083090000,4392.58984375
1650288600,3910490000,4391.68994140625
1650375000,4108120000,4462.2099609375
1650461400,4290450000,4459.4501953125
1650547800,4636890000,4393.66015625
1650634200,4651940000,4271.77978515625
1650893400,5240040000,4296.1201171875
1650979800,4689970000,4175.2001953125
1651066200,4769680000,4183.9599609375
1651152600,4854180000,4287.5
1651239000,5084030000,4131.93017578125
1651498200,5163790000,4155.3798828125
1651584600,4582050000,4175.47998046875
1651671000,5136360000,4300.169921875
1651757400,5077030000,4146.8701171875
1651843800,5116940000,4123.33984375
1652103000,5954520000,3991.239990234375
1652189400,5885820000,4001.050048828125
1652275800,5816140000,3935.179931640625
1652362200,6286450000,3930.080078125
1652448600,5183340000,4023.889892578125
1652707800,4415030000,4008.010009765625
1652794200,4841410000,4088.85009765625
1652880600,5103220000,3923.679931640625
1652967000,5113550000,3900.7900390625
1653053400,5130730000,3901.360107421875
1653312600,4420030000,3973.75
1653399000,4923190000,3941.47998046875
1653485400,4802560000,3978.72998046875
1653571800,4709970000,4057.840087890625
1653658200,4375620000,4158.240234375
1654003800,6822640000,4132.14990234375
1654090200,4531800000,4101.22998046875
1654176600,4405790000,4176.81982421875
1654263000,3711110000,4108.5400390625
1654522200,4332700000,4121.43017578125
1654608600,4248210000,4160.68017578125
1654695000,4159470000,4115.77001953125
1654781400,4134170000,4017.820068359375
1654867800,4889640000,3900.860107421875
1655127000,5636890000,3749.6298828125
1655213400,5153890000,3735.47998046875
1655299800,5530480000,3789.989990234375
1655386200,5644930000,3666.77001953125
1655472600,8520740000,3674.840087890625
1655818200,5292260000,3764.7900390625
1655904600,5058990000,3759.889892578125
1655991000,5098640000,3795.72998046875
1656077400,8120260000,3911.739990234375
1656336600,4325310000,3900.110107421875
1656423000,4270120000,3821.550048828125
1656509400,4211240000,3818.830078125
1656595800,4840070000,3785.3798828125
1656682200,4046950000,3825.330078125
1657027800,5076590000,3831.389892578125
1657114200,4417720000,3845.080078125
1657200600,4057770000,3902.6201171875
1657287000,3521620000,3899.3798828125
1657546200,3423480000,3854.429931640625
1657632600,3817210000,3818.800048828125
1657719000,4109390000,3801.780029296875
1657805400,4199690000,3790.3798828125
1657891800,4143800000,3863.159912109375
1658151000,4046870000,3830.85009765625
1658237400,4041070000,3936.68994140625
1658323800,4185300000,3959.89990234375
1658410200,4132790000,3998.949951171875
1658496600,3979240000,3961.6298828125
1658755800,3568340000,3966.840087890625
1658842200,3778950000,3921.050048828125
1658928600,4112180000,4023.610107421875
1659015000,4413000000,4072.429931640625
1659101400,4616360000,4130.2900390625
1659360600,4202810000,4118.6298828125
1659447000,4727710000,4091.18994140625
1659533400,4351760000,4155.169921875
1659619800,4283320000,4151.93994140625
1659706200,4085940000,4145.18994140625
1659965400,4221090000,4140.06005859375
1660051800,3913090000,4122.47021484375
1660138200,4546010000,4210.240234375
1660224600,4630200000,4207.27001953125
1660311000,3788010000,4280.14990234375
1660570200,3696830000,4297.14013671875
1660656600,4329820000,4305.2001953125
1660743000,3885030000,4274.0400390625
1660829400,3340330000,4283.740234375
1660915800,3761340000,4228.47998046875
1661175000,3907430000,4137.990234375
1661261400,3823520000,4128.72998046875
1661347800,3583630000,4140.77001953125
1661434200,3566870000,4199.1201171875
1661520600,3832750000,4057.659912109375
1661779800,3396510000,4030.610107421875
1661866200,3835860000,3986.159912109375
1661952600,4542490000,3955.0
1662039000,4152250000,3966.85009765625
1662125400,3665850000,3924.260009765625
1662471000,4127340000,3908.18994140625
1662557400,3890320000,3979.8701171875
1662643800,3966850000,4006.179931640625
1662730200,3901940000,4067.360107421875
1662989400,3814200000,4110.41015625
1663075800,4224550000,3932.68994140625
1663162200,4293240000,3946.010009765625
1663248600,4441830000,3901.35009765625
1663335000,7954650000,3873.330078125
1663594200,3766850000,3899.889892578125
1663680600,4058050000,3855.929931640625
1663767000,4078330000,3789.929931640625
1663853400,4284600000,3757.989990234375
1663939800,5144270000,3693.22998046875
1664199000,4886140000,3655.0400390625
1664285400,4577740000,3647.2900390625
1664371800,4684850000,3719.0400390625
1664458200,4681810000,3640.469970703125
1664544600,5645360000,3585.6201171875
1664803800,4806680000,3678.429931640625
1664890200,5146580000,3790.929931640625
1664976600,4293180000,3783.280029296875
1665063000,4252100000,3744.52001953125
1665149400,4449660000,3639.659912109375
1665408600,3834320000,3612.389892578125
1665495000,4759030000,3588.840087890625
1665581400,4006830000,3577.030029296875
1665667800,5021680000,3669.909912109375
1665754200,4243030000,3583.070068359375
1666013400,4352780000,3677.949951171875
1666099800,4483740000,3719.97998046875
1666186200,4223800000,3695.159912109375
1666272600,4496620000,3665.780029296875
1666359000,5078020000,3752.75
1666618200,4747930000,3797.340087890625
1666704600,4843120000,3859.110107421875
1666791000,4817310000,3830.60009765625
1666877400,4687320000,3807.300048828125
1666963800,4459410000,3901.06005859375
1667223000,4820620000,3871.97998046875
1667309400,4481210000,3856.10009765625
1667395800,4899000000,3759.68994140625
1667482200,4625290000,3719.889892578125
1667568600,5400180000,3770.550048828125
1667831400,4341620000,3806.800048828125
1667917800,4607640000,3828.110107421875
1668004200,4645010000,3748.570068359375
1668090600,5781260000,3956.3701171875
1668177000,5593310000,3992.929931640625
1668436200,4561930000,3957.25
1668522600,5015310000,3991.72998046875
1668609000,4165320000,3958.7900390625
1668695400,4051780000,3946.56005859375
1668781800,4037360000,3965.340087890625
1669041000,3850690000,3949.93994140625
1669127400,3887990000,4003.580078125
1669213800,3279720000,4027.260009765625
1669386600,1706460000,4026.1201171875
1669645800,3615430000,3963.93994140625
1669732200,3546040000,3957.6298828125
1669818600,6579360000,4080.110107421875
1669905000,4527130000,4076.570068359375
1669991400,4012620000,4071.699951171875
1670250600,4280820000,3998.840087890625
1670337000,4368380000,3941.260009765625
1670423400,4118050000,3933.919921875
1670509800,4006900000,3963.510009765625
1670596200,3888260000,3934.3798828125
1670855400,3904130000,3990.56005859375
1670941800,5079360000,4019.64990234375
1671028200,4472340000,3995.320068359375
1671114600,4493900000,3895.75
1671201000,7493660000,3852.360107421875
1671460200,3969610000,3817.659912109375
1671546600,3985370000,3821.6201171875
1671633000,3775200000,3878.43994140625
1671719400,3956950000,3822.389892578125
1671805800,2819280000,3844.820068359375
1672151400,3030300000,3829.25
1672237800,3083520000,3783.219970703125
1672324200,3003680000,3849.280029296875
1672410600,2979870000,3839.5
1672756200,3959140000,3824.139892578125
1672842600,4414080000,3852.969970703125
1672929000,3893450000,3808.10009765625
1673015400,3923560000,3895.080078125
1673274600,4311770000,3892.090087890625
1673361000,3851030000,3919.25
1673447400,4303360000,3969.610107421875
1673533800,4440260000,3983.169921875
1673620200,3939700000,3999.090087890625
1673965800,4235560000,3990.969970703125
1674052200,4298710000,3928.860107421875
1674138600,3991500000,3898.85009765625
1674225000,4013360000,3972.610107421875
1674484200,3945210000,4019.81005859375
1674570600,3320430000,4016.949951171875
1674657000,3724020000,4016.219970703125
1674743400,3809590000,4060.429931640625
1674829800,3907760000,4070.56005859375
1675089000,3802000000,4017.77001953125
1675175400,4679320000,4076.60009765625
1675261800,4856930000,4119.2099609375
1675348200,5624360000,4179.759765625
1675434600,4694510000,4136.47998046875
1675693800,4114240000,4111.080078125
1675780200,4355860000,4164.0
1675866600,4029820000,4117.85986328125
1675953000,4270200000,4081.5
1676039400,3891520000,4090.4599609375
1676298600,3448620000,4137.2900390625
1676385000,3929200000,4136.1298828125
1676471400,4075980000,4147.60009765625
1676557800,4143660000,4090.409912109375
1676644200,4045480000,4079.090087890625
1676989800,4121590000,3997.340087890625
1677076200,4079320000,3991.050048828125
1677162600,3952940000,4012.320068359375
1677249000,3877700000,3970.0400390625
1677508200,3836950000,3982.239990234375
1677594600,5043400000,3970.14990234375
1677681000,4249480000,3951.389892578125
1677767400,4244900000,3981.35009765625
1677853800,4084730000,4045.639892578125
1678113000,4000870000,4048.419921875
1678199400,3922500000,3986.3701171875
1678285800,3535570000,3992.010009765625
1678372200,4445260000,3918.320068359375
1678458600,5518190000,3861.590087890625
1678714200,6558020000,3855.760009765625
1678800600,5665870000,3919.2900390625
1678887000,6594010000,3891.929931640625
1678973400,5695790000,3960.280029296875
1679059800,9354280000,3916.639892578125
1679319000,5347140000,3951.570068359375
1679405400,4920240000,4002.8701171875
1679491800,4533010000,3936.969970703125
1679578200,4991600000,3948.719970703125
1679664600,4583970000,3970.989990234375
1679923800,4233540000,3977.530029296875
1680010200,4014600000,3971.27001953125
1680096600,4145250000,4027.81005859375
1680183000,3930860000,4050.830078125
1680269400,4525120000,4109.31005859375
1680528600,4234700000,4124.509765625
1680615000,4227800000,4100.60009765625
1680701400,3968020000,4090.3798828125
1680787800,3486690000,4105.02001953125
1681133400,3423650000,4109.10986328125
1681219800,3665830000,4108.93994140625
1681306200,3633120000,4091.949951171875
1681392600,3596590000,4146.22021484375
1681479000,3575690000,4137.64013671875
1681738200,3611180000,4151.31982421875
1681824600,3536640000,4154.8701171875
1681911000,3572560000,4154.52001953125
1681997400,3772080000,4129.7900390625
1682083800,3611750000,4133.52001953125
1682343000,3290940000,4137.0400390625
1682429400,3978640000,4071.6298828125
1682515800,3837030000,4055.989990234375
1682602200,3750550000,4135.35009765625
1682688600,4087800000,4169.47998046875
1682947800,3321370000,4167.8701171875
1683034200,4486130000,4119.580078125
1683120600,4246510000,4090.75
1683207000,4920090000,4061.219970703125
1683293400,4186270000,4136.25
1683552600,3641640000,4138.1201171875
1683639000,3810140000,4119.169921875
1683725400,4057160000,4137.64013671875
1683811800,3752900000,4130.6201171875
1683898200,3533740000,4124.080078125
1684157400,3562170000,4136.27978515625
1684243800,3654200000,4109.89990234375
1684330200,4039080000,4158.77001953125
1684416600,3980500000,4198.0498046875
1684503000,4041900000,4191.97998046875
1684762200,3728520000,4192.6298828125
1684848600,4155320000,4145.580078125
1684935000,0,4115.240234375
1685021400,4147760000,4151.27978515625
1685107800,3715460000,4205.4501953125
1685453400,4228510000,4205.52001953125
1685539800,5980670000,4179.830078125
1685626200,4391860000,4221.02001953125
1685712600,4454200000,4282.3701171875
1685971800,3813290000,4273.7900390625
1686058200,3996560000,4283.85009765625
1686144600,4537800000,4267.52001953125
1686231000,3826740000,4293.93017578125
1686317400,3786510000,4298.85986328125
1686576600,3945670000,4338.93017578125
1686663000,4275400000,4369.009765625
1686749400,4252110000,4372.58984375
1686835800,4176690000,4425.83984375
1686922200,6848600000,4409.58984375
1687267800,4055790000,4388.7099609375
1687354200,3709330000,4365.68994140625
1687440600,3511000000,4381.89013671875
1687527000,6053620000,4348.330078125
1687786200,3415030000,4328.81982421875
1687872600,3573500000,4378.41015625
1687959000,3739330000,4376.85986328125
1688045400,3696660000,4396.43994140625
1688131800,3923450000,4450.3798828125
1688391000,2034280000,4455.58984375
1688563800,3482620000,4446.81982421875
1688650200,3682020000,4411.58984375
1688736600,3630480000,4398.9501953125
1688995800,3429600000,4409.52978515625
1689082200,3624220000,4439.259765625
1689168600,3920290000,4472.16015625
1689255000,3839530000,4510.0400390625
1689341400,3647450000,4505.419921875
1689600600,3538240000,4522.7900390625
1689687000,4090010000,4554.97998046875
1689773400,4115670000,4565.72021484375
1689859800,3761770000,4534.8701171875
1689946200,3570190000,4536.33984375
1690205400,3856250000,4554.64013671875
1690291800,3812470000,4567.4599609375
1690378200,3990290000,4566.75
1690464600,4553210000,4537.41015625
1690551000,3981010000,4582.22998046875
1690810200,4503600000,4588.9599609375
1690896600,4042370000,4576.72998046875
1690983000,4270710000,4513.39013671875
1691069400,4149120000,4501.89013671875
1691155800,4143310000,4478.02978515625
1691415000,3493920000,4518.43994140625
1691501400,3884910000,4499.3798828125
1691587800,3803100000,4467.7099609375
1691674200,4504370000,4468.830078125
1691760600,3753290000,4464.0498046875
1692019800,3896410000,4489.72021484375
1692106200,3832250000,4437.85986328125
1692192600,3753910000,4404.330078125
1692279000,3943700000,4370.35986328125
1692365400,3940400000,4369.7099609375
1692624600,3726850000,4399.77001953125
1692711000,3522760000,4387.5498046875
1692797400,3837270000,4436.009765625
1692883800,3723470000,4376.31005859375
1692970200,3296180000,4405.7099609375
1693229400,2957230000,4433.31005859375
1693315800,3354820000,4497.6298828125
1693402200,3064110000,4514.8701171875
1693488600,3946360000,4507.66015625
1693575000,3246260000,4515.77001953125
1693920600,3526250000,4496.830078125
1694007000,3418850000,4465.47998046875
1694093400,3763760000,4451.14013671875
1694179800,3259290000,4457.490234375
1694439000,3369920000,4487.4599609375
1694525400,3435740000,4461.89990234375
1694611800,3529430000,4467.43994140625
1694698200,3648720000,4505.10009765625
1694784600,6932230000,4450.31982421875
1695043800,3161230000,4453.52978515625
1695130200,3614880000,4443.9501953125
1695216600,3308450000,4402.2001953125
1695303000,3662340000,4330.0
1695389400,3349570000,4320.06005859375
1695648600,3195650000,4337.43994140625
1695735000,3472340000,4273.52978515625
1695821400,3875880000,4274.509765625
1695907800,3846230000,4299.7001953125
1695994200,3865960000,4288.0498046875
1696253400,3938660000,4288.39013671875
1696339800,3953830000,4229.4501953125
1696426200,3777600000,4263.75
1696512600,3581470000,4258.18994140625
1696599000,3902030000,4308.5
1696858200,3174630000,4335.66015625
1696944600,3520240000,4358.240234375
1697031000,3601660000,4376.9501953125
1697117400,3713140000,4349.60986328125
1697203800,3566560000,4327.77978515625
1697463000,3409960000,4373.6298828125
1697549400,3794850000,4373.2001953125
1697635800,3686030000,4314.60009765625
1697722200,3969730000,4278.0
1697808600,4004030000,4224.16015625
1698067800,3776100000,4217.0400390625
1698154200,3821820000,4247.68017578125
1698240600,3869370000,4186.77001953125
1698327000,4277640000,4137.22998046875
1698413400,4019500000,4117.3701171875
1698672600,3911140000,4166.81982421875
1698759000,4249470000,4193.7998046875
1698845400,4224900000,4237.85986328125
1698931800,4669780000,4317.77978515625
1699018200,4570960000,4358.33984375
1699281000,3656340000,4365.97998046875
1699367400,3791230000,4378.3798828125
1699453800,3729510000,4382.77978515625
1699540200,3900780000,4347.35009765625
1699626600,3665080000,4415.240234375
1699885800,3326240000,4411.5498046875
1699972200,4700350000,4495.7001953125
1700058600,4347170000,4502.8798828125
1700145000,3964520000,4508.240234375
1700231400,3777240000,4514.02001953125
1700490600,3644790000,4547.3798828125
1700577000,3511080000,4538.18994140625
1700663400,3042810000,4556.6201171875
1700836200,1639500000,4559.33984375
1701095400,3403990000,4550.43017578125
1701181800,3586240000,4554.89013671875
1701268200,4418760000,4550.580078125
1701354600,5399300000,4567.7998046875
1701441000,4397120000,4594.6298828125
1701700200,4369910000,4569.77978515625
1701786600,3909950000,4567.18017578125
1701873000,4245680000,4549.33984375
1701959400,3818880000,4585.58984375
1702045800,3707010000,4604.3701171875
1702305000,3823210000,4622.43994140625
1702391400,3808380000,4643.7001953125
1702477800,5063650000,4707.08984375
1702564200,6314040000,4719.5498046875
1702650600,8218980000,4719.18994140625
1702909800,4060340000,4740.56005859375
1702996200,4026970000,4768.3701171875
1703082600,4201320000,4698.35009765625
1703169000,3431180000,4746.75
1703255400,3046770000,4754.6298828125
1703601000,2513910000,4774.75
1703687400,2748450000,4781.580078125
1703773800,2698860000,4783.35009765625
1703860200,3126060000,4769.830078125
1704205800,3743050000,4742.830078125
1704292200,3950760000,4704.81005859375
1704378600,3715480000,4688.68017578125
1704465000,3844370000,4697.240234375
1704724200,3742320000,4763.5400390625
1704810600,3529960000,4756.5
1704897000,3498680000,4783.4501953125
1704983400,3759890000,4780.240234375
1705069800,3486340000,4783.830078125
1705415400,4260550000,4765.97998046875
1705501800,3928600000,4739.2099609375
1705588200,4019000000,4780.93994140625
1705674600,4287200000,4839.81005859375
1705933800,4297610000,4850.43017578125
1706020200,3912800000,4864.60009765625
1706106600,4330030000,4868.5498046875
1706193000,4020430000,4894.16015625
1706279400,3353400000,4890.97021484375
1706538600,3525160000,4927.93017578125
1706625000,3836130000,4924.97021484375
1706711400,4696120000,4845.64990234375
1706797800,4386090000,4906.18994140625
1706884200,3974350000,4958.60986328125
1707143400,4023640000,4942.81005859375
1707229800,4440880000,4954.22998046875
1707316200,4895590000,4995.06005859375
1707402600,4341860000,4997.91015625
1707489000,3912990000,5026.60986328125
1707748200,3805740000,5021.83984375
1707834600,4302190000,4953.169921875
1707921000,3845600000,5000.6201171875
1708007400,4137970000,5029.72998046875
1708093800,3833270000,5005.56982421875
1708439400,4034880000,4975.509765625
1708525800,3788390000,4981.7998046875
1708612200,4051710000,5087.02978515625
1708698600,3672790000,5088.7998046875
1708957800,3683930000,5069.52978515625
1709044200,3925950000,5078.18017578125
1709130600,3789370000,5069.759765625
1709217000,5219740000,5096.27001953125
1709303400,4748110000,5137.080078125
1709562600,4758440000,5130.9501953125
1709649000,4418410000,5078.64990234375
1709735400,4559050000,5104.759765625
1709821800,4137980000,5157.35986328125
1709908200,4208870000,5123.68994140625
1710163800,3896430000,5117.93994140625
1710250200,4080510000,5175.27001953125
1710336600,4282890000,5165.31005859375
1710423000,4687970000,5150.47998046875
1710509400,7753670000,5117.08984375
1710768600,4036220000,5149.419921875
1710855000,4031760000,5178.509765625
1710941400,4064850000,5224.6201171875
1711027800,4207730000,5241.52978515625
1711114200,3374700000,5234.18017578125
1711373400,3331360000,5218.18994140625
1711459800,3871790000,5203.580078125
1711546200,3850500000,5248.490234375
1711632600,3998270000,5254.35009765625
1711978200,3325930000,5243.77001953125
1712064600,3886590000,5205.81005859375
1712151000,3703250000,5211.490234375
1712237400,4075680000,5147.2099609375
1712323800,3386780000,5204.33984375
1712583000,3278180000,5202.39013671875
1712669400,3400680000,5209.91015625
1712755800,3845930000,5160.64013671875
1712842200,3509380000,5199.06005859375
1712928600,3963220000,5123.41015625
1713187800,3950210000,5061.81982421875
1713274200,4006200000,5051.41015625
1713360600,3596130000,5022.2099609375
1713447000,3619760000,5011.1201171875
1713533400,3878750000,4967.22998046875
1713792600,3820250000,5010.60009765625
1713879000,3751400000,5070.5498046875
1713965400,3656740000,5071.6298828125
1714051800,3958050000,5048.419921875
1714138200,3604140000,5099.9599609375
1714397400,3447450000,5116.169921875
1714483800,4082470000,5035.68994140625
1714570200,4544170000,5018.39013671875
1714656600,4381660000,5064.2001953125
1714743000,3924990000,5127.7900390625
1715002200,3683250000,5180.740234375
1715088600,3987890000,5187.7001953125
1715175000,3842100000,5187.669921875
1715261400,3727370000,5214.080078125
1715347800,3617900000,5222.68017578125
1715607000,4255710000,5221.419921875
1715693400,4763580000,5246.68017578125
1715779800,4360810000,5308.14990234375
1715866200,3817470000,5297.10009765625
1715952600,3578120000,5303.27001953125
1716211800,3420100000,5308.1298828125
1716298200,3662240000,5321.41015625
1716384600,3847130000,5307.009765625
1716471000,3869520000,5267.83984375
1716557400,3005510000,5304.72021484375
1716903000,3751540000,5306.0400390625
1716989400,3552750000,5266.9501953125
1717075800,3818750000,5235.47998046875
1717162200,5437160000,5277.509765625
1717421400,4046920000,5283.39990234375
1717507800,3707900000,5291.33984375
1717594200,3591460000,5354.02978515625
1717680600,3609990000,5352.9599609375
1717767000,3692760000,5346.990234375
1718026200,3622280000,5360.7900390625
1718112600,3568030000,5375.31982421875
1718199000,3962840000,5421.02978515625
1718285400,3530380000,5433.740234375
1718371800,3438650000,5431.60009765625
1718631000,3447840000,5473.22998046875
1718717400,3544330000,5487.02978515625
1718890200,3847060000,5473.169921875
1718976600,6773800000,5464.6201171875
1719235800,3696750000,5447.8701171875
1719322200,3591960000,5469.2998046875
1719408600,3563920000,5477.89990234375
1719495000,3589530000,5482.8701171875
1719581400,7199220000,5460.47998046875
1719840600,3488760000,5475.08984375
1719927000,3329950000,5509.009765625
1720013400,2179470000,5537.02001953125
1720186200,3253080000,5567.18994140625
1720445400,3185670000,5572.85009765625
1720531800,3232920000,5576.97998046875
1720618200,3336100000,5633.91015625
1720704600,4020950000,5584.5400390625
1720791000,3700280000,5615.35009765625
1721050200,3620470000,5631.22021484375
1721136600,4041760000,5667.2001953125
1721223000,4246450000,5588.27001953125
1721309400,4007510000,5544.58984375
1721395800,3760570000,5505.0
1721655000,3375180000,5564.41015625
1721741400,3500210000,5555.740234375
1721827800,3945550000,5427.1298828125
1721914200,4592120000,5399.22021484375
1722000600,3638770000,5459.10009765625
1722259800,3379970000,5463.5400390625
1722346200,3777740000,5436.43994140625
1722432600,4546910000,5522.2998046875
1722519000,4703620000,5446.68017578125
1722605400,5156450000,5346.56005859375
1722864600,5333250000,5186.330078125
1722951000,4690190000,5240.02978515625
1723037400,4558260000,5199.5
1723123800,4016830000,5319.31005859375
1723210200,3516400000,5344.16015625
1723469400,3360160000,5344.39013671875
1723555800,3648980000,5434.43017578125
1723642200,3380050000,5455.2099609375
1723728600,3723310000,5543.22021484375
1723815000,3357690000,5554.25
1724074200,3222050000,5608.25
1724160600,2994420000,5597.1201171875
1724247000,3119670000,5620.85009765625
1724333400,2981530000,5570.64013671875
1724419800,3291940000,5634.60986328125
1724679000,2938570000,5616.83984375
1724765400,2798990000,5625.7998046875
1724851800,3053450000,5592.18017578125
1724938200,3065640000,5591.9599609375
1725024600,4185850000,5648.39990234375
1725370200,3866350000,5528.93017578125
1725456600,3478140000,5520.06982421875
1725543000,3521650000,5503.41015625
1725629400,3822800000,5408.419921875
1725888600,3825940000,5471.0498046875
1725975000,3848180000,5495.52001953125
1726061400,3839450000,5554.1298828125
1726147800,3655070000,5595.759765625
1726234200,3500790000,5626.02001953125
1726493400,3437070000,5633.08984375
1726579800,3443600000,5634.580078125
1726666200,3691390000,5618.259765625
1726752600,4024530000,5713.64013671875
1726839000,7867260000,5702.5498046875
1727098200,3529550000,5718.56982421875
1727184600,3872710000,5732.93017578125
1727271000,3624910000,5722.259765625
1727357400,4391180000,5745.3701171875
1727443800,3898530000,5738.169921875
1727703000,4425730000,5762.47998046875
1727789400,4025180000,5708.75
1727875800,3829050000,5709.5400390625
1727962200,3597450000,5699.93994140625
1728048600,3479400000,5751.06982421875
1728307800,3637790000,5695.93994140625
1728394200,3393400000,5751.1298828125
1728480600,3650340000,5792.0400390625
1728567000,3208790000,5780.0498046875
1728653400,3208720000,5815.02978515625
1728912600,3005250000,5859.85009765625
1728999000,3882120000,5815.259765625
1729085400,3467230000,5842.47021484375
1729171800,3480010000,5841.47021484375
1729258200,3374490000,5864.669921875
1729517400,3407010000,5853.97998046875
1729603800,3342080000,5851.2001953125
1729690200,3532650000,5797.419921875
1729776600,3543030000,5809.85986328125
1729863000,3501280000,5808.1201171875
1730122200,3691280000,5823.52001953125
1730208600,3879100000,5832.919921875
1730295000,3851120000,5813.669921875
1730381400,4425660000,5705.4501953125
1730467800,3796450000,5728.7998046875
1730730600,3602060000,5712.68994140625
1730817000,3768310000,5782.759765625
1730903400,6329530000,5929.0400390625
1730989800,4925740000,5973.10009765625
1731076200,4666740000,5995.5400390625
1731335400,4333000000,6001.35009765625
1731421800,4243400000,5983.990234375
1731508200,4220180000,5985.3798828125
1731594600,4184570000,5949.169921875
1731681000,4590960000,5870.6201171875
1731940200,3983860000,5893.6201171875
1732026600,4036940000,5916.97998046875
1732113000,3772620000,5917.10986328125
1732199400,4230120000,5948.7099609375
1732285800,4141420000,5969.33984375
1732545000,5633150000,5987.3701171875
1732631400,3835170000,6021.6298828125
1732717800,3363340000,5998.740234375
1732890600,2444420000,6032.3798828125
1733149800,4412470000,6047.14990234375
1733236200,4095000000,6049.8798828125
1733322600,4003390000,6086.490234375
1733409000,4212020000,6075.10986328125
1733495400,3924830000,6090.27001953125
1733754600,4556460000,6052.85009765625
1733841000,4048410000,6034.91015625
1733927400,4269950000,6084.18994140625
1734013800,3678010000,6051.25
1734100200,3584960000,6051.08984375
1734359400,4391100000,6074.080078125
1734445800,4544500000,6050.60986328125
1734532200,5246960000,5872.16015625
1734618600,4896880000,5867.080078125
1734705000,8223220000,5930.85009765625
1734964200,3593280000,5974.06982421875
1735050600,1757720000,6040.0400390625
1735223400,2904530000,6037.58984375
1735309800,3159610000,5970.83984375
1735569000,3433250000,5906.93994140625
1735655400,3128350000,5881.6298828125
